IncidentNum,Age,Sex,Race,Ethnicity,CreatedID,ModifiedDate
16-3-FI,25,M,B,N,535,20180604
16-3-FI,20,M,B,N,535,20160112
16-3-FI,35,M,W,N,535,20160118
16-1-FI,66,M,B,N,560,20160109
16-2-FI,26,F,W,N,548,20160115
16-2-FI,28,M,B,N,548,20160115
16-2-FI,28,M,B,N,548,20180925
16-2-FI,26,M,B,N,548,20160115
16-2-FI,25,M,B,N,548,20160116
16-2-FI,20,F,B,N,548,20200425
16-4-FI,19,F,B,H,535,20210522
16-4-FI,18,M,W,N,535,20210522
16-4-FI,18,M,B,N,535,20210522
16-4-FI,64,M,B,N,535,20160118
16-5-FI,28,M,B,N,407,20160118
16-5-FI,46,F,B,N,407,20160118
16-115-FI,18,F,W,N,548,20210924
16-115-FI,20,F,B,H,548,20161231
16-115-FI,21,M,B,N,548,20161231
16-115-FI,53,M,B,N,548,20161231
16-7-FI,24,M,B,N,503,20160202
16-7-FI,25,M,B,N,503,20190626
16-7-FI,65,M,B,N,503,20160202
16-6-FI,23,M,W,H,443,20160202
16-6-FI,23,M,B,H,443,20160202
16-8-FI,37,M,B,N,558,20160204
16-8-FI,24,F,B,N,558,20160204
16-9-FI,21,M,B,N,535,20170118
16-9-FI,19,M,W,N,535,20180217
16-9-FI,18,M,B,H,535,20170704
16-10-FI,26,F,B,N,347,20160212
16-11-FI,32,F,B,N,347,20160212
16-12-FI,22,M,B,N,548,20160227
16-12-FI,22,F,B,N,548,20160227
16-12-FI,19,M,B,N,548,20160227
16-12-FI,22,M,B,N,548,20160227
16-12-FI,59,M,B,N,548,20160227
16-13-FI,26,M,B,N,535,20160527
16-13-FI,22,M,B,N,535,20160224
16-14-FI,24,M,B,N,547,20160226
16-14-FI,20,M,B,U,547,20160226
16-14-FI,19,M,B,N,547,20160226
16-16-FI,27,M,B,N,535,20160323
16-16-FI,21,F,B,N,535,20170118
16-16-FI,21,M,B,N,535,20170118
16-17-FI,19,M,W,H,507,20160302
16-17-FI,22,M,W,N,507,20160302
16-17-FI,42,F,W,U,507,20160302
16-17-FI,39,F,W,N,507,20160302
16-19-FI,18,M,B,N,535,20160308
16-19-FI,19,M,W,N,535,20180217
16-19-FI,18,M,B,N,535,20181221
16-19-FI,50,M,W,N,535,20170114
16-18-FI,20,M,B,N,535,20160326
16-18-FI,26,M,B,N,535,20170312
16-18-FI,27,M,B,N,535,20160326
16-18-FI,27,M,B,N,535,20160326
16-18-FI,27,M,B,N,535,20160326
16-18-FI,29,F,B,N,535,20160326
16-18-FI,24,M,A,N,535,20161028
16-18-FI,18,F,W,N,535,20161231
16-18-FI,20,M,B,N,535,20161106
16-18-FI,36,F,B,N,535,20161106
16-18-FI,25,F,B,N,535,20161106
16-18-FI,25,M,B,N,535,20161115
16-18-FI,45,F,B,N,535,20161227
16-18-FI,21,F,B,N,535,20170102
16-18-FI,28,M,W,N,535,20170219
16-20-FI,44,M,B,N,548,20160324
16-20-FI,30,F,B,N,548,20160324
16-20-FI,24,M,B,N,548,20160324
16-20-FI,23,M,B,N,548,20160324
16-20-FI,63,M,B,N,548,20160324
16-20-FI,29,M,B,N,548,20160324
16-21-FI,20,M,B,N,559,20160325
16-21-FI,19,M,B,N,559,20160325
16-23-FI,23,M,B,N,407,20180820
16-23-FI,19,M,B,N,407,20160405
16-23-FI,23,M,B,N,407,20160405
16-23-FI,18,M,B,N,407,20170630
16-22-FI,26,M,B,N,517,20160327
16-24-FI,23,M,B,N,503,20180523
16-24-FI,22,M,B,N,503,20160406
16-25-FI,15,M,B,N,517,20160408
16-25-FI,17,M,B,N,517,20160408
16-25-FI,15,M,B,N,517,20160408
16-25-FI,15,F,B,N,517,20160408
16-25-FI,14,F,B,N,517,20160408
16-26-FI,25,M,B,N,548,20160416
16-26-FI,30,F,B,N,548,20160416
16-27-FI,19,M,B,N,503,20160418
16-28-FI,21,M,W,H,535,20170123
16-28-FI,23,F,B,N,535,20160501
16-28-FI,22,M,B,N,535,20160501
16-29-FI,24,M,B,N,503,20160424
16-29-FI,30,M,B,N,503,20160424
16-30-FI,31,M,W,N,415,20160503
16-30-FI,25,M,B,N,415,20160503
16-30-FI,29,M,W,N,415,20160503
16-30-FI,27,M,W,H,415,20160503
16-30-FI,29,F,W,N,415,20160503
16-30-FI,24,F,W,N,415,20160503
16-30-FI,29,F,W,N,415,20160503
16-31-FI,21,M,W,H,415,20160520
16-32-FI,24,M,B,N,535,20160523
16-32-FI,22,M,B,N,535,20160523
16-32-FI,33,M,B,N,535,20160523
16-32-FI,33,M,B,N,535,20160523
16-33-FI,19,M,B,U,437,20190319
16-33-FI,19,F,B,U,437,20160519
16-33-FI,15,M,B,U,437,20180421
16-35-FI,24,M,B,N,314,20160522
16-35-FI,21,M,B,N,314,20160522
16-35-FI,19,M,B,N,314,20160522
16-34-FI,39,M,W,N,548,20160520
16-34-FI,57,F,W,N,548,20160520
16-36-FI,26,M,B,N,548,20160527
16-36-FI,27,M,B,N,548,20160527
16-36-FI,25,M,B,N,548,20180610
16-36-FI,22,M,B,N,548,20170311
16-36-FI,20,M,B,N,548,20170311
16-36-FI,23,M,B,N,548,20170311
16-36-FI,18,M,B,N,548,20170311
16-36-FI,43,F,B,N,548,20170312
16-36-FI,22,F,B,N,548,20180603
16-37-FI,26,M,W,N,548,20160527
16-38-FI,22,M,W,N,387,20160529
16-41-FI,32,M,B,N,407,20160724
16-41-FI,26,M,B,N,407,20160724
16-41-FI,41,M,B,N,407,20160724
16-41-FI,24,M,B,N,407,20160724
16-41-FI,24,F,W,N,407,20160724
16-39-FI,48,F,W,N,535,20210822
16-39-FI,56,M,W,N,535,20160606
16-39-FI,65,F,W,N,535,20160606
16-39-FI,28,M,W,N,535,20160606
16-40-FI,49,M,W,N,548,20160604
16-42-FI,23,M,B,N,535,20160617
16-42-FI,21,M,B,N,535,20160617
16-42-FI,41,M,W,N,535,20160617
16-43-FI,26,M,B,N,415,20160623
16-43-FI,27,M,B,N,415,20160623
16-44-FI,30,M,B,N,389,20160624
16-45-FI,21,M,B,N,443,20160629
16-45-FI,19,M,B,N,443,20160629
16-45-FI,19,M,W,N,443,20180217
16-46-FI,26,M,B,N,443,20160704
16-46-FI,27,M,B,N,443,20160704
16-46-FI,24,M,B,N,443,20160704
16-46-FI,28,M,B,N,443,20160704
16-47-FI,62,M,W,N,365,20160702
16-48-FI,21,M,W,N,548,20210205
16-48-FI,22,F,W,N,548,20160707
16-49-FI,22,F,B,N,548,20190130
16-49-FI,24,M,A,N,548,20160707
16-50-FI,26,M,B,N,479,20160717
16-50-FI,23,M,B,N,479,20160717
16-51-FI,17,M,B,N,347,20160719
16-51-FI,19,M,B,N,347,20160719
16-51-FI,21,M,B,H,347,20160719
16-52-FI,22,M,B,H,347,20170118
16-52-FI,19,M,B,N,347,20160719
16-52-FI,19,M,W,N,347,20180217
16-53-FI,22,F,B,N,548,20160801
16-53-FI,26,M,B,N,548,20160801
16-53-FI,28,M,B,N,548,20160801
16-53-FI,46,M,B,N,548,20160801
16-54-FI,21,M,B,N,292,20160802
16-54-FI,18,M,B,U,292,20190103
16-54-FI,23,M,B,N,292,20160802
16-54-FI,20,M,B,N,292,20160802
16-55-FI,26,M,B,N,499,20190211
16-55-FI,26,M,B,H,499,20160803
16-55-FI,30,M,B,N,499,20160803
16-56-FI,25,M,B,N,407,20160810
16-56-FI,34,M,B,N,407,20180212
16-57-FI,36,M,B,N,479,20160810
16-57-FI,20,M,B,N,479,20160810
16-58-FI,23,M,B,N,541,20160813
16-58-FI,23,M,B,N,541,20160813
16-59-FI,25,M,B,N,443,20160817
16-59-FI,32,M,B,N,443,20160817
16-60-FI,24,M,B,N,503,20170918
16-60-FI,24,M,B,N,503,20160825
16-60-FI,28,M,B,N,503,20160825
16-61-FI,24,M,B,N,535,20171219
16-61-FI,22,M,B,N,535,20160827
16-61-FI,21,M,B,N,535,20160827
16-61-FI,19,M,B,N,535,20171219
16-61-FI,44,M,W,H,535,20180304
16-61-FI,39,F,W,N,535,20171219
16-62-FI,19,M,W,N,548,20180217
16-63-FI,20,M,B,N,503,20160828
16-63-FI,20,M,B,N,503,20160828
16-63-FI,21,M,B,N,503,20160828
16-64-FI,25,M,B,N,415,20160910
17-55-FI,30,F,B,N,548,20171018
16-66-FI,25,M,B,N,407,20160910
16-66-FI,44,M,B,N,407,20160910
16-67-FI,35,M,W,N,548,20160917
16-68-FI,35,M,W,N,479,20160919
16-68-FI,21,F,W,N,479,20160919
16-69-FI,19,M,W,N,535,20180217
16-69-FI,22,M,B,N,535,20170118
16-69-FI,20,M,B,H,535,20161213
16-72-FI,20,M,B,U,443,20160927
16-72-FI,18,M,B,N,443,20161030
16-72-FI,19,M,W,N,443,20180217
16-72-FI,23,M,B,N,443,20160927
16-70-FI,27,M,B,N,559,20160927
16-71-FI,22,M,B,N,415,20160927
16-71-FI,30,M,B,N,415,20160927
16-71-FI,35,M,B,N,415,20160927
16-71-FI,37,M,B,N,415,20160927
16-71-FI,36,M,B,N,415,20160927
16-71-FI,32,M,B,N,415,20160927
16-71-FI,36,M,B,N,415,20160927
16-73-FI,24,M,B,N,548,20161001
16-73-FI,30,F,W,N,548,20161001
16-75-FI,24,M,B,N,548,20161005
16-74-FI,32,M,W,N,483,20161002
16-76-FI,19,M,W,N,548,20161005
16-76-FI,20,F,W,N,548,20161005
16-77-FI,15,M,B,N,415,20161015
16-77-FI,15,M,W,N,415,20180517
16-77-FI,16,M,B,N,415,20161015
16-77-FI,18,M,B,N,415,20161015
16-78-FI,38,M,B,N,389,20161020
16-79-FI,24,M,B,N,548,20161020
16-79-FI,42,F,B,N,548,20161020
16-79-FI,37,M,B,N,548,20180618
16-79-FI,22,F,B,N,548,20180618
16-80-FI,27,M,B,N,548,20161020
16-80-FI,24,M,B,N,548,20161020
16-81-FI,24,M,B,N,415,20161023
16-81-FI,24,M,B,N,415,20161023
16-81-FI,29,M,B,N,415,20161023
16-82-FI,19,F,B,H,535,20190328
16-82-FI,17,M,B,H,535,20200305
16-82-FI,19,M,B,N,535,20190327
16-88-FI,36,F,B,N,548,20161030
16-88-FI,19,M,B,N,548,20161030
16-83-FI,21,M,B,N,415,20161023
16-83-FI,20,M,B,N,415,20161023
16-83-FI,24,M,B,N,415,20161023
16-84-FI,25,F,W,N,446,20161024
16-84-FI,25,F,W,N,446,20161024
16-85-FI,28,M,B,N,535,20161026
16-85-FI,20,M,B,N,535,20161026
16-85-FI,48,F,B,N,535,20161026
16-86-FI,32,M,W,N,535,20161028
16-86-FI,53,M,W,N,535,20161028
16-86-FI,24,F,W,N,535,20161028
16-86-FI,52,F,W,N,535,20161028
16-86-FI,21,F,B,N,535,20161028
16-86-FI,30,M,W,N,535,20180506
16-86-FI,00,U,U,N,535,20161112
16-86-FI,61,M,W,N,535,20161118
16-86-FI,24,F,U,U,535,20161127
16-86-FI,64,F,W,N,535,20161127
16-86-FI,45,F,W,N,535,20161127
16-86-FI,41,M,B,N,535,20170118
16-87-FI,25,M,B,N,503,20161030
16-87-FI,24,F,B,N,503,20161030
16-89-FI,23,M,B,N,507,20170705
16-89-FI,20,M,B,N,507,20161102
16-89-FI,22,M,B,N,507,20161102
16-89-FI,00,U,U,U,507,20161102
16-92-FI,21,M,W,H,536,20161111
16-92-FI,32,M,B,N,536,20161111
16-92-FI,23,M,B,N,536,20170312
16-92-FI,27,M,B,N,536,20161111
16-92-FI,23,F,B,N,536,20161111
16-91-FI,19,M,B,N,415,20161110
16-93-FI,24,F,W,N,562,20161116
16-93-FI,45,M,W,N,562,20161116
16-94-FI,46,M,W,H,562,20161116
16-94-FI,50,M,W,N,562,20161116
16-94-FI,47,F,W,N,562,20161116
16-95-FI,23,M,B,N,443,20170705
16-95-FI,24,M,B,N,443,20161116
16-96-FI,35,M,W,N,548,20161117
16-96-FI,37,F,W,N,548,20161117
16-96-FI,32,F,W,N,548,20161117
16-96-FI,30,F,W,N,548,20180903
16-97-FI,19,M,W,N,479,20161228
16-98-FI,24,M,B,N,479,20161120
16-98-FI,24,M,B,N,479,20161120
16-98-FI,24,M,B,N,479,20161120
16-98-FI,22,M,B,N,479,20161120
16-99-FI,28,M,W,N,499,20161129
16-100-FI,34,M,B,N,535,20161127
16-100-FI,37,M,B,N,535,20161127
16-101-FI,19,M,W,N,499,20161201
16-101-FI,15,M,B,N,499,20161201
16-101-FI,17,M,B,N,499,20200714
16-102-FI,27,F,W,N,531,20161204
16-102-FI,28,F,W,N,531,20161204
16-102-FI,35,M,B,N,531,20161204
16-106-FI,22,M,B,N,544,20161224
16-106-FI,29,F,B,N,544,20170311
16-103-FI,38,M,B,N,407,20161213
16-103-FI,37,F,B,N,407,20161213
16-104-FI,21,M,B,N,503,20161215
16-105-FI,25,M,B,N,548,20161224
16-107-FI,18,M,W,N,548,20161225
16-107-FI,46,F,B,N,548,20161225
16-108-FI,51,M,W,N,535,20170114
16-108-FI,23,F,B,N,535,20161231
16-108-FI,29,M,B,N,535,20161230
16-108-FI,35,F,W,N,535,20161230
16-108-FI,27,M,B,N,535,20161230
16-109-FI,30,F,B,N,415,20171018
16-110-FI,28,M,B,N,552,20161227
16-110-FI,45,M,B,N,552,20161227
16-111-FI,19,M,W,N,548,20161228
16-111-FI,22,M,W,N,548,20161228
16-112-FI,22,M,B,N,577,20161228
16-112-FI,19,M,B,N,577,20171023
16-113-FI,19,M,B,N,544,20161230
16-113-FI,16,M,B,N,544,20161230
16-113-FI,20,M,B,N,544,20161230
16-116-FI,30,M,B,N,544,20190207
16-116-FI,34,M,B,N,544,20161231
16-116-FI,21,M,B,N,544,20161231
16-116-FI,39,F,W,H,548,20170103
16-116-FI,37,M,W,N,548,20170628
16-116-FI,39,M,W,H,548,20170628
16-116-FI,55,F,B,N,548,20180312
16-117-FI,14,M,B,N,407,20210615
16-117-FI,17,M,B,N,407,20161231
16-117-FI,20,M,B,N,407,20161231
17-1-FI,20,M,B,N,437,20170102
17-1-FI,19,M,B,N,437,20180103
17-1-FI,18,M,B,U,437,20170102
17-1-FI,22,M,B,N,437,20170102
17-2-FI,19,M,W,N,503,20170104
17-2-FI,19,M,B,N,503,20180921
17-2-FI,19,M,B,N,503,20190913
17-2-FI,19,M,W,H,503,20170104
17-3-FI,33,M,B,N,557,20170108
17-3-FI,18,M,B,N,557,20170108
17-4-FI,25,M,B,H,311,20170208
17-4-FI,18,F,W,U,311,20170112
17-5-FI,28,M,W,N,548,20170112
17-5-FI,27,F,W,N,548,20170112
17-7-FI,19,M,B,N,548,20170116
17-8-FI,26,M,B,N,548,20170118
17-8-FI,26,M,B,N,548,20170118
17-8-FI,21,M,B,N,548,20170118
17-8-FI,50,F,W,N,548,20170324
17-8-FI,24,F,W,N,548,20170324
17-9-FI,25,M,B,N,347,20170118
17-10-FI,30,F,W,N,446,20170119
17-10-FI,39,F,W,N,446,20170119
17-11-FI,18,M,B,N,389,20170123
17-11-FI,17,F,W,H,389,20180514
17-11-FI,17,F,W,H,389,20170123
17-12-FI,26,M,B,N,535,20170123
17-12-FI,19,M,W,H,535,20191203
17-12-FI,26,M,B,N,535,20191203
17-12-FI,25,M,W,N,535,20191203
17-12-FI,27,M,B,N,535,20191203
17-12-FI,21,F,B,N,535,20191203
17-12-FI,24,M,B,N,535,20191203
17-12-FI,25,M,B,N,535,20191203
17-12-FI,24,M,B,N,535,20191203
17-12-FI,26,M,B,N,535,20191203
17-13-FI,24,M,B,N,535,20180820
17-13-FI,24,M,B,N,535,20170124
17-13-FI,19,M,B,N,535,20170630
17-13-FI,29,M,B,H,535,20170124
17-13-FI,22,F,B,N,535,20170124
17-14-FI,30,F,B,N,548,20170124
17-14-FI,20,M,B,N,548,20170124
17-14-FI,24,M,B,N,548,20170124
17-14-FI,23,F,B,N,548,20170603
17-14-FI,22,M,B,N,548,20170603
17-15-FI,21,F,B,N,535,20170126
17-15-FI,22,M,B,H,535,20170126
17-15-FI,26,M,B,N,535,20170126
17-16-FI,19,M,B,N,535,20170126
17-16-FI,18,M,B,N,535,20170126
17-16-FI,19,M,W,N,535,20180217
17-17-FI,19,M,B,N,340,20170126
17-17-FI,19,M,B,N,340,20170126
17-18-FI,29,F,W,N,535,20170131
17-18-FI,41,M,B,N,535,20170131
17-18-FI,38,M,B,N,535,20170131
17-18-FI,36,M,B,H,535,20170131
17-19-FI,30,M,W,N,531,20170202
17-20-FI,27,M,W,N,548,20170204
17-20-FI,24,F,W,N,548,20170204
17-20-FI,58,F,W,N,548,20170204
17-22-FI,35,M,B,N,548,20170211
17-22-FI,31,F,B,N,548,20170211
17-22-FI,41,F,B,N,548,20171019
17-22-FI,48,M,B,N,548,20171019
17-22-FI,22,M,B,N,548,20171019
17-30-FI,37,F,B,N,548,20170223
17-30-FI,41,M,B,N,548,20170223
17-23-FI,37,M,B,N,573,20170216
17-24-FI,23,M,B,N,548,20170217
17-24-FI,46,F,B,N,548,20170217
17-24-FI,20,M,B,N,548,20170217
17-24-FI,21,M,B,N,548,20170217
17-24-FI,21,F,W,N,548,20170217
17-24-FI,20,M,B,N,548,20170312
17-25-FI,22,F,B,N,535,20170219
17-25-FI,47,M,W,N,535,20170219
17-25-FI,29,M,W,N,535,20170219
17-25-FI,21,F,W,N,535,20170219
17-25-FI,44,F,W,N,535,20170219
17-25-FI,22,F,W,N,535,20170219
17-25-FI,26,F,B,N,535,20170219
17-25-FI,20,M,B,N,535,20170219
17-25-FI,00,U,U,U,535,20170219
17-25-FI,19,F,W,N,535,20170219
17-25-FI,21,M,B,N,535,20170219
17-25-FI,46,F,B,N,535,20170219
17-26-FI,35,M,B,N,544,20170218
17-26-FI,27,M,B,N,544,20170218
17-26-FI,27,M,B,N,544,20170218
17-27-FI,30,M,B,N,479,20170221
17-28-FI,27,M,B,H,535,20170222
17-28-FI,19,F,W,N,535,20170222
17-28-FI,46,F,B,N,535,20170222
17-28-FI,27,M,B,N,535,20170222
17-28-FI,21,F,B,N,535,20170225
17-28-FI,20,M,B,N,535,20170225
17-29-FI,46,F,B,N,535,20170224
17-29-FI,21,F,W,N,535,20170224
17-31-FI,26,M,B,N,535,20170628
17-31-FI,20,M,B,N,535,20170628
17-31-FI,45,F,B,N,535,20170628
17-31-FI,23,M,B,N,535,20170628
17-31-FI,46,F,B,N,535,20170628
17-31-FI,25,F,B,H,535,20170628
17-31-FI,25,M,A,N,535,20170628
17-31-FI,19,M,B,N,535,20170628
17-32-FI,23,M,B,N,535,20170303
17-32-FI,28,M,B,N,535,20170303
17-32-FI,44,F,B,N,535,20170303
17-33-FI,19,M,B,N,282,20170301
17-33-FI,20,M,B,N,282,20170301
17-33-FI,20,M,B,N,282,20170301
17-33-FI,17,M,B,N,282,20170301
17-33-FI,16,M,B,N,282,20180402
17-34-FI,22,M,B,U,479,20170302
17-34-FI,24,M,U,N,479,20170302
17-34-FI,21,M,B,H,479,20170302
17-35-FI,29,M,B,N,479,20170302
17-37-FI,22,M,B,N,503,20190830
17-37-FI,23,M,B,N,503,20170304
17-37-FI,24,M,B,N,503,20170304
17-36-FI,23,M,B,N,548,20170304
17-36-FI,26,M,B,N,548,20170304
17-36-FI,23,M,B,N,548,20170304
17-38-FI,50,M,W,N,571,20180607
17-39-FI,31,M,B,N,574,20170310
17-42-FI,24,M,B,N,548,20170312
17-42-FI,27,M,B,N,548,20170312
17-42-FI,24,M,B,N,548,20170312
17-42-FI,52,M,B,N,548,20180603
17-42-FI,51,F,B,N,548,20180603
17-40-FI,45,F,W,N,548,20170311
17-40-FI,22,M,B,N,548,20170311
17-40-FI,24,M,B,N,548,20170430
17-41-FI,31,M,B,N,479,20170311
17-41-FI,25,M,B,N,479,20170311
17-41-FI,30,M,B,N,479,20201105
17-43-FI,21,M,B,N,544,20170313
17-43-FI,30,F,B,N,544,20170313
17-44-FI,28,F,W,N,557,20170315
17-44-FI,30,M,B,N,557,20170315
17-44-FI,41,M,B,N,557,20170315
17-44-FI,48,M,B,N,557,20170315
17-45-FI,25,M,B,N,314,20170318
17-45-FI,27,M,B,N,314,20170318
17-45-FI,24,M,B,N,314,20170318
17-45-FI,24,M,B,N,314,20170705
17-45-FI,23,M,B,N,314,20170318
17-46-FI,24,M,B,N,535,20170320
17-46-FI,24,M,B,N,535,20170320
17-46-FI,18,M,B,N,535,20170320
17-46-FI,23,M,B,H,535,20170320
17-46-FI,00,F,B,N,535,20170512
17-47-FI,22,F,W,N,548,20170323
17-47-FI,21,M,B,N,548,20170323
17-47-FI,24,M,B,N,548,20170323
17-48-FI,35,M,B,N,479,20170324
17-48-FI,22,F,B,N,479,20170324
17-49-FI,25,M,B,N,415,20170328
17-49-FI,20,M,B,N,415,20170328
17-49-FI,21,M,B,N,415,20170328
17-50-FI,24,M,B,N,548,20170328
17-50-FI,23,M,B,N,548,20170328
17-51-FI,34,M,B,N,507,20170330
17-51-FI,53,F,B,N,507,20170330
17-52-FI,33,M,W,N,548,20170404
17-52-FI,30,M,W,N,548,20170405
17-53-FI,27,M,B,U,479,20170406
17-53-FI,23,M,B,N,479,20170406
17-54-FI,26,M,B,N,479,20170406
17-56-FI,20,F,B,N,548,20170410
17-61-FI,15,M,W,N,482,20180910
17-61-FI,14,M,W,N,482,20170426
17-61-FI,18,M,B,N,482,20170426
17-61-FI,16,M,B,N,482,20170426
17-57-FI,25,M,B,N,569,20170414
17-57-FI,22,M,B,N,569,20170414
17-59-FI,21,M,B,N,544,20170423
17-59-FI,26,M,B,N,544,20170423
17-59-FI,24,M,B,N,544,20170423
17-60-FI,33,M,B,N,548,20170423
17-60-FI,30,F,B,H,548,20170423
17-62-FI,19,M,B,U,446,20180222
17-62-FI,18,M,B,U,446,20170426
17-62-FI,20,M,B,U,446,20170426
17-62-FI,17,M,B,H,446,20170426
17-64-FI,23,M,W,H,505,20170430
17-65-FI,31,M,W,N,571,20170430
17-66-FI,49,M,W,N,548,20170504
17-66-FI,36,M,W,N,548,20170504
17-67-FI,23,F,W,N,548,20170504
17-67-FI,32,M,B,N,548,20170504
17-68-FI,24,F,W,N,446,20170505
17-68-FI,23,F,W,N,446,20170504
17-69-FI,49,F,W,N,548,20170505
17-69-FI,56,M,W,N,548,20170505
17-69-FI,51,M,W,N,548,20170505
17-69-FI,46,M,W,N,548,20170505
17-69-FI,56,M,W,N,548,20170505
17-69-FI,32,M,W,N,548,20170505
17-70-FI,39,M,W,N,548,20170522
17-73-FI,25,M,B,N,535,20170514
17-73-FI,22,M,B,N,535,20170514
17-73-FI,21,M,B,N,535,20170514
17-73-FI,23,M,B,N,535,20170514
17-73-FI,25,M,B,N,535,20170514
17-73-FI,52,F,B,N,535,20170514
17-71-FI,26,F,W,N,548,20170510
17-71-FI,45,M,W,N,548,20170510
17-72-FI,58,M,B,N,548,20171009
17-72-FI,38,F,B,N,548,20171009
17-72-FI,26,M,B,N,548,20171009
17-72-FI,18,M,B,N,548,20171009
17-72-FI,24,M,B,N,548,20180820
17-72-FI,54,M,W,H,548,20171009
17-72-FI,44,F,B,N,548,20171009
17-72-FI,55,M,B,N,548,20171009
17-74-FI,24,M,B,N,535,20170514
17-74-FI,35,M,B,N,535,20170514
17-74-FI,36,M,B,N,535,20170514
17-74-FI,28,M,W,N,535,20170514
17-75-FI,24,F,W,N,548,20170516
17-75-FI,20,M,B,H,548,20170516
17-75-FI,57,F,B,H,548,20170516
17-76-FI,60,M,B,N,549,20170521
17-76-FI,62,F,B,N,549,20170521
17-76-FI,38,M,W,N,549,20170521
17-76-FI,24,M,B,N,549,20170521
17-76-FI,21,F,B,N,549,20170603
17-77-FI,27,M,B,N,548,20170521
17-77-FI,33,M,B,N,548,20170521
17-77-FI,28,F,B,H,548,20170521
17-78-FI,34,M,W,N,548,20170522
17-81-FI,23,M,B,N,407,20170524
17-81-FI,21,M,B,N,407,20170524
17-81-FI,19,M,B,N,407,20190226
17-80-FI,21,M,B,N,548,20170602
17-80-FI,24,M,B,N,548,20170705
17-80-FI,25,M,W,N,548,20170602
17-80-FI,25,M,B,N,548,20170602
17-82-FI,66,M,W,N,535,20170525
17-82-FI,71,M,W,N,535,20170525
17-82-FI,53,F,W,N,535,20170525
17-82-FI,00,U,U,U,535,20170525
17-82-FI,40,F,W,N,535,20170525
17-83-FI,19,M,B,H,535,20170531
17-83-FI,00,U,U,U,535,20170531
17-85-FI,34,M,B,N,535,20170605
17-84-FI,32,F,W,N,548,20170603
17-84-FI,59,M,W,N,548,20170603
17-86-FI,22,M,B,N,443,20170614
17-86-FI,24,F,W,H,443,20170614
17-87-FI,30,M,B,N,548,20170614
17-88-FI,27,M,B,N,493,20170616
17-94-FI,40,M,B,N,482,20170621
17-89-FI,46,M,B,H,548,20170617
17-89-FI,23,M,B,N,548,20170617
17-90-FI,30,M,W,H,503,20190701
17-90-FI,26,M,B,N,503,20170619
17-91-FI,35,M,B,N,535,20170619
17-91-FI,32,F,B,N,535,20170619
17-91-FI,40,M,B,N,535,20170619
17-92-FI,23,M,B,N,407,20170812
17-92-FI,24,M,B,N,407,20170812
17-92-FI,24,M,B,N,407,20170812
17-93-FI,37,M,W,N,446,20170620
17-95-FI,33,F,W,N,482,20170621
17-95-FI,42,M,W,N,482,20170621
17-95-FI,00,M,W,H,482,20170621
17-96-FI,41,M,B,N,548,20170621
17-97-FI,27,M,B,N,544,20170622
17-97-FI,44,M,B,H,544,20190723
17-98-FI,29,M,W,N,548,20170708
17-98-FI,28,M,W,N,548,20170708
17-99-FI,24,M,B,N,407,20170624
17-99-FI,33,M,B,N,407,20170624
17-99-FI,24,M,B,N,407,20170624
17-99-FI,20,M,B,N,407,20190104
17-99-FI,16,M,B,N,407,20190925
17-100-FI,41,M,W,N,548,20170625
17-100-FI,85,M,W,N,548,20170625
17-105-FI,50,M,B,N,535,20170630
17-105-FI,18,F,W,N,535,20190709
17-105-FI,18,M,W,H,535,20180404
17-101-FI,21,M,B,N,548,20170628
17-102-FI,32,M,W,N,544,20170629
17-104-FI,51,M,W,N,548,20170629
17-104-FI,47,F,W,N,548,20170629
17-108-FI,20,M,B,N,548,20170704
17-108-FI,20,M,B,H,548,20170704
17-108-FI,20,M,B,N,548,20180603
17-108-FI,22,M,W,N,548,20180603
17-109-FI,50,M,W,N,535,20171220
17-109-FI,19,M,B,H,535,20171220
17-109-FI,20,M,W,N,535,20170705
17-110-FI,28,F,W,N,535,20170707
17-110-FI,30,M,B,N,535,20170712
17-111-FI,22,M,B,N,535,20190404
17-111-FI,27,M,B,N,535,20190404
17-111-FI,26,F,B,N,535,20170707
17-112-FI,34,M,B,N,557,20170723
17-112-FI,39,M,B,N,557,20170723
17-113-FI,33,F,B,N,548,20170708
17-113-FI,24,M,B,N,548,20170708
17-113-FI,25,M,B,N,548,20170708
17-113-FI,33,M,B,N,548,20170709
17-113-FI,31,M,B,N,548,20170711
17-113-FI,24,M,B,N,548,20170716
17-113-FI,23,M,B,N,548,20170716
17-114-FI,27,F,W,N,544,20170709
17-114-FI,34,M,W,N,544,20170709
17-115-FI,21,M,W,N,548,20170710
17-115-FI,20,F,W,N,548,20170710
17-118-FI,31,M,W,H,548,20190902
17-118-FI,35,F,W,N,548,20170710
17-118-FI,50,M,B,N,548,20170710
17-118-FI,50,M,B,N,548,20170710
17-118-FI,39,M,W,H,548,20170710
17-119-FI,23,M,B,N,535,20170716
17-119-FI,00,U,U,U,535,20170716
17-121-FI,21,M,B,N,544,20170715
17-121-FI,20,M,B,N,544,20170715
17-121-FI,51,F,B,N,544,20170715
17-120-FI,15,M,B,N,531,20170714
17-120-FI,17,M,B,N,531,20210527
17-120-FI,18,M,B,N,531,20181205
17-120-FI,14,M,W,N,531,20170714
17-120-FI,19,M,B,U,531,20170714
17-120-FI,15,M,B,U,531,20170714
17-120-FI,18,M,B,U,531,20170714
17-122-FI,28,M,B,N,503,20170715
17-122-FI,30,M,B,N,503,20170715
17-122-FI,00,F,B,N,503,20170715
17-123-FI,36,M,W,N,548,20170717
17-124-FI,26,M,B,N,503,20170716
17-124-FI,27,M,B,N,503,20170716
17-124-FI,28,M,B,N,503,20170716
17-124-FI,39,F,B,N,503,20170716
17-125-FI,29,M,B,N,577,20170718
17-125-FI,18,M,B,N,577,20190226
17-125-FI,30,F,W,N,577,20170718
17-125-FI,19,M,B,N,577,20170718
17-125-FI,20,M,B,N,577,20170718
17-125-FI,23,M,B,N,577,20170718
17-127-FI,20,F,B,N,579,20170720
17-127-FI,24,M,B,N,579,20170720
17-127-FI,37,M,B,N,579,20170720
17-127-FI,47,M,B,N,579,20170720
17-128-FI,18,M,B,N,535,20190527
17-128-FI,16,M,B,N,535,20190527
17-128-FI,16,F,B,N,535,20190527
17-128-FI,00,U,U,U,535,20170724
17-128-FI,21,M,B,N,535,20170724
17-128-FI,31,M,B,N,535,20170724
17-129-FI,22,F,B,N,548,20170726
17-129-FI,24,M,B,N,548,20170726
17-130-FI,26,M,B,N,544,20170728
17-130-FI,32,F,W,N,544,20170728
17-131-FI,32,F,W,N,547,20170729
17-132-FI,58,M,W,N,535,20180813
17-132-FI,31,F,B,N,535,20170804
17-132-FI,32,M,B,N,535,20170804
17-133-FI,24,F,B,N,548,20170802
17-133-FI,24,M,B,N,548,20170802
17-134-FI,25,F,W,N,544,20170809
17-134-FI,29,M,W,N,544,20170809
17-134-FI,32,M,B,N,544,20170809
17-135-FI,00,U,U,U,535,20170811
17-135-FI,35,M,B,N,535,20170811
17-135-FI,20,M,B,N,535,20170811
17-136-FI,26,M,W,N,544,20170816
17-136-FI,26,M,B,N,544,20170816
17-140-FI,23,M,B,N,548,20170902
17-140-FI,19,M,B,N,548,20170902
17-140-FI,22,F,B,N,548,20170902
17-140-FI,38,F,B,N,548,20170902
17-140-FI,18,M,B,N,548,20171009
17-137-FI,25,M,B,N,557,20170823
17-137-FI,22,M,B,N,557,20170823
17-137-FI,21,F,B,N,557,20170823
17-138-FI,69,F,W,H,548,20170825
17-138-FI,33,M,W,N,535,20170828
17-138-FI,39,M,W,H,535,20170828
17-139-FI,25,M,B,N,574,20170825
17-139-FI,24,M,B,N,574,20170825
17-139-FI,27,M,B,N,574,20170825
17-139-FI,35,F,B,N,574,20170825
17-141-FI,31,M,B,N,389,20170831
17-142-FI,31,M,B,N,548,20170902
17-142-FI,22,M,B,N,548,20170902
17-142-FI,22,M,B,N,548,20170902
17-143-FI,36,M,W,N,548,20170902
17-143-FI,35,M,B,N,548,20170902
17-144-FI,36,M,W,H,557,20170904
17-144-FI,32,M,B,N,557,20180513
17-149-FI,20,M,W,N,443,20170911
17-149-FI,23,M,B,H,443,20170911
17-145-FI,33,M,B,N,544,20170907
17-145-FI,75,F,B,N,544,20170907
17-146-FI,18,M,A,N,548,20170907
17-146-FI,19,M,B,N,548,20170907
17-146-FI,37,F,B,N,548,20170924
17-146-FI,18,M,B,N,548,20180530
17-146-FI,27,F,B,N,548,20180530
17-147-FI,25,M,W,N,536,20170908
17-147-FI,29,M,W,N,536,20170908
17-148-FI,26,M,B,N,548,20180628
17-150-FI,30,M,B,N,531,20170911
17-150-FI,33,M,B,N,531,20170911
17-150-FI,23,M,B,N,531,20170911
17-150-FI,25,M,B,N,531,20170911
17-150-FI,24,M,B,N,531,20170911
17-151-FI,16,M,W,N,548,20170915
17-151-FI,52,F,W,N,548,20170915
17-152-FI,75,M,W,N,548,20170915
17-152-FI,30,F,W,N,548,20170915
17-153-FI,25,F,B,H,548,20170918
17-153-FI,30,M,B,N,548,20170918
17-156-FI,31,M,W,N,548,20170921
17-156-FI,59,F,W,N,548,20170921
17-154-FI,31,F,W,N,544,20170920
17-154-FI,47,M,W,H,544,20170920
17-155-FI,44,M,B,N,548,20170920
17-155-FI,29,F,W,N,548,20180629
17-155-FI,17,M,B,N,548,20170920
17-155-FI,17,M,B,N,548,20211017
17-155-FI,13,M,B,N,548,20211017
17-155-FI,18,M,B,N,548,20180423
17-155-FI,18,M,B,N,548,20211017
17-155-FI,41,F,W,N,548,20211017
17-155-FI,15,M,W,N,548,20211017
17-155-FI,16,M,W,N,548,20180517
17-155-FI,14,M,B,N,548,20211017
17-155-FI,17,M,B,N,548,20211017
17-155-FI,15,M,W,N,548,20190619
17-155-FI,16,M,B,U,548,20211017
17-155-FI,15,F,W,N,548,20190619
17-155-FI,69,M,W,N,548,20190619
17-155-FI,14,M,B,N,548,20211017
17-157-FI,45,F,B,U,332,20170921
17-158-FI,27,M,B,U,332,20170921
17-159-FI,26,F,W,U,332,20200426
17-161-FI,29,F,B,N,548,20170926
17-160-FI,32,M,B,N,548,20170926
17-162-FI,55,F,W,N,557,20170926
17-163-FI,37,M,W,N,548,20170927
17-167-FI,61,F,B,N,535,20170929
17-167-FI,26,M,B,N,535,20170929
17-168-FI,22,M,B,N,535,20171002
17-168-FI,21,M,B,N,535,20171002
17-169-FI,51,F,B,N,535,20170929
17-169-FI,20,M,B,N,535,20170929
17-169-FI,21,M,B,N,535,20170929
17-169-FI,23,F,B,N,535,20170929
17-170-FI,36,F,W,N,446,20170928
17-172-FI,26,M,B,N,548,20170930
17-172-FI,23,F,B,H,548,20170930
17-172-FI,59,F,B,N,548,20170930
17-173-FI,35,M,B,N,535,20171011
17-173-FI,33,F,W,N,535,20171011
17-173-FI,54,F,W,N,535,20171026
17-173-FI,19,M,W,N,535,20171026
17-174-FI,42,M,U,H,507,20171005
17-174-FI,63,F,U,H,507,20171005
17-175-FI,50,M,W,N,544,20171007
17-175-FI,31,M,B,N,544,20190828
17-175-FI,36,F,W,N,544,20171007
17-175-FI,51,M,W,N,544,20171007
17-176-FI,43,M,B,H,544,20200501
17-176-FI,34,F,B,N,544,20171008
17-176-FI,25,M,W,N,544,20171008
17-177-FI,52,M,B,N,281,20171012
17-177-FI,31,F,W,N,281,20171012
17-177-FI,23,F,W,N,281,20171012
17-177-FI,21,F,B,N,281,20171012
17-178-FI,18,M,B,N,548,20171013
17-178-FI,19,M,B,N,548,20171013
17-178-FI,55,F,B,N,548,20171013
17-179-FI,40,M,W,N,389,20171019
17-180-FI,35,M,B,N,531,20171019
17-181-FI,40,M,B,H,535,20180310
17-181-FI,19,M,B,N,535,20171028
17-182-FI,22,M,B,N,507,20171026
17-182-FI,28,M,B,N,507,20171026
17-183-FI,00,U,U,U,535,20171026
17-183-FI,30,M,B,H,535,20200805
17-183-FI,23,M,B,H,535,20171026
17-183-FI,19,M,B,N,535,20171026
17-184-FI,45,F,W,N,281,20171031
17-184-FI,52,M,W,N,281,20171031
17-184-FI,4050,M,W,N,281,20171031
17-185-FI,30,M,B,H,507,20171031
17-185-FI,27,M,B,N,507,20171031
17-185-FI,31,M,B,H,507,20171031
17-185-FI,28,M,B,N,507,20171031
17-185-FI,23,M,B,N,507,20171031
17-185-FI,25,F,W,N,507,20171031
17-186-FI,25,M,B,N,389,20171101
17-187-FI,17,M,B,N,535,20200917
17-187-FI,18,M,B,N,535,20171101
17-187-FI,37,F,B,N,535,20171101
17-188-FI,30,F,B,N,548,20171102
17-189-FI,36,F,W,N,548,20171102
17-189-FI,18,F,U,U,548,20171102
17-189-FI,20,M,B,N,548,20180921
17-189-FI,20,M,B,N,548,20190913
17-189-FI,20,M,W,H,548,20171120
17-190-FI,33,M,W,H,415,20171103
17-191-FI,47,M,W,H,531,20171103
17-196-FI,23,M,B,N,535,20171119
17-196-FI,26,M,B,N,535,20171119
17-196-FI,28,F,W,H,535,20171119
17-196-FI,22,F,B,N,535,20171119
17-196-FI,19,M,B,N,535,20171119
17-196-FI,23,F,B,N,548,20171124
17-193-FI,34,M,B,N,562,20171112
17-193-FI,38,F,B,N,482,20171112
17-194-FI,33,M,W,H,389,20171112
17-195-FI,32,F,W,N,455,20171115
17-195-FI,37,M,W,N,455,20171115
17-198-FI,20,M,B,H,548,20171117
17-198-FI,41,M,W,H,548,20190126
17-198-FI,42,F,W,H,548,20171117
17-198-FI,35,M,W,H,548,20171118
17-198-FI,41,F,W,H,548,20171120
17-199-FI,29,M,B,N,535,20171120
17-199-FI,25,M,B,N,535,20171120
17-199-FI,27,F,W,H,535,20171120
17-200-FI,34,M,W,N,548,20171120
17-200-FI,77,M,W,N,548,20171120
17-200-FI,30,M,W,N,548,20171120
17-200-FI,23,M,W,N,548,20171120
17-201-FI,41,F,W,N,544,20171120
17-201-FI,22,M,B,N,544,20171120
17-201-FI,24,M,B,N,544,20171120
17-202-FI,35,F,W,N,544,20171121
17-202-FI,35,M,W,N,544,20171121
17-202-FI,20,M,W,N,544,20171121
17-202-FI,40,F,W,N,544,20171121
17-203-FI,28,F,B,N,535,20171121
17-203-FI,29,M,B,N,535,20171121
17-204-FI,21,M,B,N,535,20190722
17-204-FI,21,M,B,N,535,20171122
17-204-FI,38,M,B,N,535,20171122
17-204-FI,24,M,W,H,548,20190722
17-205-FI,30,M,B,N,535,20171126
17-205-FI,25,F,B,N,535,20180516
17-205-FI,28,M,B,N,535,20171126
17-205-FI,26,M,W,N,535,20171126
17-205-FI,00,U,U,U,535,20171126
17-210-FI,19,F,W,N,548,20180212
17-210-FI,37,M,W,N,548,20171130
17-210-FI,18,M,W,N,548,20180221
17-210-FI,37,F,W,N,548,20171130
17-210-FI,19,M,B,N,548,20171130
17-210-FI,22,M,B,N,548,20171130
17-210-FI,41,F,B,N,548,20171130
17-210-FI,21,M,B,N,548,20171208
17-210-FI,21,M,B,N,548,20171208
17-210-FI,21,M,B,N,548,20171208
17-206-FI,24,M,B,N,407,20171127
17-206-FI,24,F,B,N,407,20171127
17-207-FI,20,M,B,N,437,20171129
17-208-FI,23,M,B,N,437,20171129
17-209-FI,23,M,B,N,437,20181202
17-211-FI,42,M,B,N,503,20171203
17-211-FI,44,M,B,N,503,20171203
17-211-FI,60,M,B,N,503,20171203
17-212-FI,19,M,B,U,347,20180217
17-212-FI,21,M,B,N,347,20171204
17-213-FI,19,M,U,U,347,20171204
17-214-FI,27,M,W,N,446,20190226
17-214-FI,29,M,W,N,446,20171204
17-215-FI,23,M,B,N,347,20171205
17-216-FI,36,M,B,N,347,20171205
17-216-FI,35,F,B,N,347,20171205
17-216-FI,00,F,U,U,347,20171205
17-216-FI,34,M,B,N,347,20171205
17-217-FI,21,M,B,N,347,20171205
17-217-FI,22,M,B,U,347,20171205
17-218-FI,20,M,W,N,368,20210706
17-218-FI,20,M,W,N,368,20190624
17-220-FI,41,F,B,N,548,20171206
17-220-FI,43,M,W,N,548,20171206
17-221-FI,16,F,W,N,544,20171206
17-221-FI,24,M,W,N,544,20171206
17-222-FI,24,M,B,U,437,20171206
17-222-FI,20,M,B,N,437,20171206
17-223-FI,30,M,B,N,548,20171206
17-223-FI,58,M,W,N,548,20171206
17-224-FI,37,M,W,N,437,20171206
17-224-FI,33,F,W,N,437,20171206
17-225-FI,33,M,B,N,347,20171207
17-225-FI,22,M,B,N,347,20180227
17-225-FI,33,M,B,N,347,20171207
17-226-FI,57,F,W,N,389,20171207
17-227-FI,28,F,B,H,389,20171207
17-227-FI,50,M,B,N,389,20171207
17-227-FI,39,M,B,N,389,20171207
17-228-FI,35,F,W,N,348,20171207
17-229-FI,44,M,B,N,372,20171207
17-230-FI,35,F,B,N,348,20171207
17-231-FI,34,M,B,N,334,20171207
17-232-FI,28,M,W,N,544,20171208
17-232-FI,26,F,U,N,544,20171208
17-233-FI,46,M,B,N,347,20171208
17-234-FI,22,M,B,N,347,20171208
17-234-FI,24,M,B,N,347,20171208
17-235-FI,25,F,W,N,463,20171210
17-236-FI,37,M,B,N,415,20171210
17-237-FI,26,F,W,N,503,20171210
17-237-FI,46,M,B,N,503,20171210
17-237-FI,31,M,W,N,503,20171210
17-237-FI,59,F,B,N,503,20171210
17-237-FI,42,M,B,H,503,20171210
17-237-FI,31,M,B,N,503,20171210
17-237-FI,38,M,W,N,503,20171210
17-237-FI,37,M,B,N,503,20171210
17-238-FI,42,F,W,N,415,20171211
17-239-FI,40,M,B,N,368,20171211
17-240-FI,31,M,B,N,548,20180325
17-241-FI,30,M,B,N,368,20171211
17-242-FI,46,F,W,N,334,20171212
17-243-FI,59,F,B,N,334,20171212
17-244-FI,44,M,B,N,334,20171212
17-245-FI,37,M,B,N,334,20171212
17-246-FI,50,M,B,N,334,20171212
17-248-FI,32,F,W,N,334,20171212
17-249-FI,33,F,W,N,334,20171212
17-250-FI,29,F,W,N,334,20171212
17-251-FI,37,M,W,H,334,20191219
17-252-FI,28,F,W,N,334,20171212
17-253-FI,21,M,B,N,535,20171216
17-253-FI,20,M,W,N,535,20180217
17-253-FI,00,U,U,U,535,20171216
17-254-FI,47,M,W,H,389,20171219
17-254-FI,40,M,B,N,389,20171219
17-288-FI,45,M,B,N,482,20171230
17-255-FI,20,M,B,H,347,20180222
17-255-FI,18,M,B,N,347,20190306
17-255-FI,59,M,B,H,347,20171222
17-255-FI,20,M,B,N,347,20190913
17-256-FI,40,M,B,N,347,20171222
17-257-FI,26,M,B,N,347,20171222
17-259-FI,18,M,B,N,347,20171222
17-259-FI,42,M,B,N,347,20171222
17-260-FI,30,M,B,N,347,20200116
17-260-FI,27,M,W,N,347,20171222
17-261-FI,41,F,B,N,347,20171222
17-261-FI,32,F,B,N,347,20171222
17-261-FI,52,M,W,N,347,20171222
17-262-FI,36,M,B,N,535,20171222
17-262-FI,42,M,W,H,535,20171222
17-270-FI,27,M,B,N,535,20171227
17-263-FI,30,M,B,N,368,20171223
17-264-FI,23,M,B,U,368,20171226
17-264-FI,21,M,B,U,368,20171226
17-265-FI,46,F,B,H,372,20171226
17-265-FI,51,M,B,N,372,20171226
17-265-FI,35,M,B,N,372,20171226
17-265-FI,32,F,W,N,372,20171226
17-265-FI,31,M,B,N,372,20190828
17-266-FI,36,M,B,N,350,20171226
17-266-FI,29,F,W,N,350,20171226
17-266-FI,31,F,B,N,350,20171226
17-267-FI,44,F,B,N,334,20171226
17-268-FI,42,M,B,H,350,20171226
17-268-FI,41,M,B,N,350,20171226
17-268-FI,50,M,B,N,350,20171226
17-269-FI,41,F,B,N,334,20171226
17-272-FI,32,M,B,N,350,20171227
17-271-FI,39,M,B,N,544,20171227
17-273-FI,29,M,B,N,507,20171227
17-273-FI,34,M,B,N,507,20171227
17-274-FI,31,M,W,N,347,20171227
17-274-FI,22,F,W,N,347,20171227
17-275-FI,24,M,B,N,347,20171227
17-275-FI,18,M,B,N,347,20171227
17-276-FI,22,M,B,N,415,20171228
17-276-FI,22,M,B,N,415,20171228
17-276-FI,21,M,B,N,415,20171228
17-276-FI,23,M,B,N,415,20171228
17-277-FI,25,F,W,N,446,20171228
17-278-FI,18,M,B,N,405,20171228
17-279-FI,31,M,B,N,350,20171228
17-279-FI,27,M,B,N,350,20200710
17-280-FI,36,F,W,H,334,20171228
17-280-FI,37,M,W,U,334,20190319
17-281-FI,47,F,W,N,380,20171228
17-281-FI,67,M,W,N,380,20171228
17-282-FI,39,M,B,N,503,20171228
17-282-FI,31,M,B,N,503,20191217
17-283-FI,36,M,B,N,503,20171229
17-283-FI,24,M,B,H,503,20171229
17-284-FI,39,M,W,H,334,20171229
17-284-FI,34,M,W,N,334,20171229
17-284-FI,28,M,W,H,334,20171229
17-285-FI,24,M,B,N,347,20171229
17-286-FI,62,M,W,N,347,20171229
17-286-FI,26,F,W,N,347,20171229
17-286-FI,37,M,B,N,347,20171229
17-286-FI,25,M,B,N,347,20171229
17-287-FI,21,M,B,N,503,20171229
17-289-FI,36,F,W,N,347,20171230
17-290-FI,24,M,B,U,544,20180106
17-290-FI,23,F,B,N,544,20180106
17-290-FI,30,M,W,N,544,20180106
17-290-FI,50,F,B,U,544,20180106
17-291-FI,20,M,B,N,368,20190913
17-291-FI,24,M,B,N,368,20171231
18-1-FI,36,M,B,N,507,20180112
18-1-FI,42,F,W,N,507,20180112
18-1-FI,41,M,B,N,507,20180112
18-2-FI,18,F,W,H,368,20180514
18-2-FI,16,F,W,H,368,20180118
18-2-FI,24,M,B,N,368,20180118
18-4-FI,20,M,B,N,544,20180124
18-4-FI,23,M,B,N,544,20180124
18-4-FI,23,M,B,N,544,20180124
18-4-FI,23,F,B,H,544,20180124
18-4-FI,21,M,B,N,544,20180124
18-4-FI,23,M,B,N,544,20180124
18-5-FI,24,M,B,N,535,20180127
18-5-FI,20,M,B,N,535,20190913
18-5-FI,50,M,W,N,535,20180202
18-5-FI,58,M,W,N,535,20180813
18-5-FI,20,M,W,N,535,20180127
18-5-FI,32,M,B,N,535,20180202
18-5-FI,32,F,B,N,535,20180202
18-5-FI,22,F,B,N,548,20200501
18-6-FI,21,M,B,N,544,20180130
18-6-FI,27,M,B,N,544,20180130
18-7-FI,40,M,B,H,443,20180207
18-7-FI,25,M,B,U,443,20180207
18-7-FI,26,M,B,N,443,20180207
18-8-FI,21,M,B,U,443,20180207
18-8-FI,31,M,W,H,443,20180207
18-8-FI,26,M,B,N,443,20180207
18-9-FI,20,M,B,N,407,20180921
18-10-FI,37,M,B,N,531,20180208
18-11-FI,28,M,W,N,331,20180211
18-12-FI,49,M,B,N,548,20180212
18-13-FI,23,M,B,N,548,20180212
18-13-FI,20,M,B,N,548,20180212
18-13-FI,25,F,B,N,548,20180212
18-14-FI,30,M,B,N,507,20180216
18-15-FI,62,M,W,N,548,20180217
18-15-FI,62,F,W,H,548,20180217
18-15-FI,29,M,W,N,548,20180217
18-16-FI,22,M,B,N,548,20180217
18-16-FI,21,M,W,N,548,20180217
18-16-FI,20,M,B,N,548,20180217
18-16-FI,19,M,B,N,548,20180217
18-17-FI,19,M,B,N,535,20180220
18-17-FI,00,U,U,N,535,20180220
18-18-FI,30,M,B,N,579,20180220
18-19-FI,25,M,W,N,548,20180222
18-19-FI,53,M,W,N,548,20180222
18-20-FI,23,M,B,N,415,20190925
18-20-FI,24,M,B,N,415,20180303
18-20-FI,37,M,B,N,415,20180303
18-21-FI,19,M,B,N,557,20180226
18-21-FI,21,F,W,N,557,20180226
18-22-FI,44,F,B,N,482,20180301
18-22-FI,52,M,W,N,482,20180301
18-25-FI,16,M,W,N,557,20211017
18-25-FI,18,M,W,H,557,20180910
18-23-FI,29,F,W,N,544,20180303
18-23-FI,56,M,W,N,544,20180303
18-24-FI,21,M,B,H,535,20180304
18-24-FI,25,M,B,N,535,20180304
18-24-FI,50,M,W,N,535,20180304
18-24-FI,24,M,B,N,535,20180304
18-24-FI,41,F,B,N,535,20180304
18-24-FI,25,M,B,N,548,20180820
18-24-FI,58,M,B,N,548,20180820
18-26-FI,25,M,B,N,503,20180309
18-26-FI,24,M,B,N,503,20180309
18-27-FI,26,F,W,H,389,20180312
18-28-FI,35,M,B,N,548,20180314
18-28-FI,52,F,B,N,548,20180314
18-29-FI,33,M,B,N,548,20180513
18-29-FI,54,F,B,N,548,20180317
18-31-FI,24,M,B,N,415,20180616
18-31-FI,26,M,B,N,415,20180315
18-31-FI,18,M,B,N,415,20180616
18-30-FI,21,M,W,N,574,20180315
18-30-FI,23,M,B,N,574,20180315
18-32-FI,32,M,B,N,389,20180323
18-33-FI,25,M,B,N,389,20180323
18-34-FI,20,F,W,N,389,20180323
18-35-FI,26,M,B,N,506,20180324
18-35-FI,30,F,W,N,506,20180324
18-37-FI,25,M,B,N,415,20180329
18-37-FI,24,M,B,N,415,20180329
18-37-FI,34,M,W,N,415,20180329
18-37-FI,25,M,B,N,415,20180329
18-36-FI,27,M,B,N,507,20180329
18-38-FI,36,M,B,H,331,20180330
18-39-FI,19,F,B,N,536,20180331
18-39-FI,17,M,B,N,536,20180331
18-39-FI,22,M,W,H,536,20180331
18-39-FI,24,F,B,N,536,20180331
18-39-FI,18,F,B,N,536,20180331
18-39-FI,24,F,B,N,536,20180331
18-39-FI,16,F,B,N,536,20211117
18-39-FI,15,F,B,N,536,20180331
18-39-FI,15,F,B,N,536,20180331
18-39-FI,15,F,B,N,536,20180331
18-39-FI,17,M,B,N,536,20180331
18-39-FI,18,F,B,N,536,20180331
18-39-FI,16,F,B,N,536,20180331
18-39-FI,18,M,B,N,536,20180331
18-40-FI,25,M,W,H,548,20180423
18-40-FI,58,F,W,H,548,20180504
18-40-FI,36,F,W,H,548,20180504
18-40-FI,22,M,B,N,548,20180504
18-41-FI,21,M,W,H,531,20180402
18-41-FI,24,M,W,H,531,20180402
18-43-FI,20,F,B,N,535,20180413
18-43-FI,20,M,B,H,535,20180413
18-43-FI,18,M,B,N,535,20180413
18-43-FI,24,M,B,N,535,20180413
18-43-FI,19,M,B,N,535,20180413
18-43-FI,22,M,B,N,535,20180413
18-43-FI,25,M,B,N,535,20180413
18-44-FI,25,M,B,N,503,20180820
18-44-FI,25,M,B,N,503,20180410
18-45-FI,19,M,B,N,503,20180410
18-45-FI,22,M,B,N,503,20180410
18-45-FI,24,M,B,N,503,20180410
18-46-FI,27,M,B,N,415,20180604
18-46-FI,24,M,B,N,415,20180414
18-46-FI,25,M,B,N,415,20180414
18-53-FI,22,M,B,N,548,20180422
18-53-FI,21,M,B,N,548,20180422
18-53-FI,48,F,W,N,548,20180422
18-53-FI,48,M,B,N,548,20180422
18-53-FI,23,M,B,N,548,20180422
18-47-FI,25,M,B,N,345,20180414
18-47-FI,27,M,B,N,345,20180414
18-47-FI,24,M,B,U,345,20180414
18-48-FI,19,M,B,N,415,20180414
18-48-FI,17,M,B,N,415,20180414
18-48-FI,22,M,B,N,415,20180414
18-48-FI,15,F,B,N,415,20180414
18-49-FI,31,M,W,N,535,20180506
18-49-FI,33,M,W,N,535,20180415
18-50-FI,44,M,B,H,503,20180415
18-50-FI,38,M,B,N,503,20180415
18-51-FI,22,M,B,N,503,20180415
18-51-FI,23,F,B,N,503,20180415
18-52-FI,35,M,W,N,365,20180417
18-54-FI,26,M,B,N,407,20180425
18-54-FI,29,M,B,N,407,20181101
18-54-FI,29,M,B,N,407,20180425
18-54-FI,26,M,B,N,407,20180425
18-54-FI,27,F,B,N,407,20180425
18-55-FI,21,M,B,N,503,20180422
18-55-FI,20,M,B,N,503,20180422
18-55-FI,21,M,W,N,503,20180422
18-56-FI,22,M,B,N,535,20180427
18-56-FI,21,M,B,N,535,20180427
18-56-FI,23,M,B,N,535,20180427
18-56-FI,00,U,U,U,535,20180427
18-57-FI,46,M,B,N,544,20180430
18-58-FI,53,F,W,N,548,20180504
18-58-FI,58,M,W,N,548,20180504
18-59-FI,60,M,B,N,544,20180507
18-59-FI,17,M,B,N,544,20180507
18-60-FI,19,M,B,N,503,20180509
18-60-FI,20,M,B,N,503,20180509
18-60-FI,18,M,B,N,503,20180509
18-61-FI,23,M,B,N,331,20180514
18-61-FI,24,M,B,N,331,20180514
18-62-FI,26,F,B,N,557,20180518
18-62-FI,31,M,B,H,557,20180518
18-64-FI,28,M,W,N,548,20180519
18-64-FI,36,F,W,N,548,20180519
18-63-FI,33,M,B,N,548,20180519
18-63-FI,24,F,B,N,548,20180519
18-65-FI,20,M,B,N,503,20180522
18-65-FI,19,M,B,N,503,20180522
18-66-FI,59,M,B,N,548,20180523
18-66-FI,25,M,B,N,548,20180523
18-66-FI,23,M,B,N,548,20180523
18-66-FI,26,M,B,N,548,20180523
18-67-FI,30,M,B,N,544,20180525
18-67-FI,30,F,W,N,544,20180525
18-68-FI,27,F,W,N,570,20180530
18-69-FI,24,F,W,N,535,20180611
18-69-FI,25,M,W,N,535,20180611
18-69-FI,45,F,W,N,535,20180611
18-71-FI,30,M,W,N,389,20180605
18-71-FI,36,F,B,N,389,20180605
18-72-FI,50,M,B,N,548,20180612
18-73-FI,25,M,B,N,548,20180616
18-76-FI,24,M,W,N,548,20180618
18-77-FI,00,F,U,U,552,20180621
18-79-FI,15,M,W,N,443,20180626
18-79-FI,14,M,B,N,443,20180626
18-80-FI,27,M,B,N,531,20180627
18-80-FI,28,M,B,N,531,20180627
18-80-FI,34,M,B,H,531,20180627
18-81-FI,35,M,B,N,407,20210226
18-81-FI,37,M,B,N,407,20180627
18-81-FI,38,F,W,N,407,20180627
18-82-FI,24,M,B,N,548,20180629
18-83-FI,36,M,B,N,548,20180629
18-83-FI,36,M,B,N,548,20180629
18-83-FI,34,F,A,N,548,20180629
18-85-FI,36,F,W,N,535,20180702
18-85-FI,21,M,W,H,535,20180702
18-85-FI,51,M,W,N,535,20180702
18-86-FI,27,M,B,N,407,20180702
18-86-FI,28,M,B,N,407,20180702
18-86-FI,24,M,B,N,407,20180702
18-86-FI,26,M,B,N,407,20180702
18-87-FI,28,F,W,N,492,20180703
18-88-FI,31,M,B,N,557,20180713
18-88-FI,36,M,B,H,557,20180713
18-89-FI,23,M,B,N,548,20180717
18-89-FI,18,F,B,N,548,20180717
18-89-FI,52,F,W,N,548,20180717
18-93-FI,26,M,B,N,548,20180727
18-93-FI,22,M,B,N,548,20180727
18-93-FI,21,F,B,N,548,20180727
18-93-FI,23,F,B,N,548,20180727
18-91-FI,21,M,B,H,535,20180724
18-91-FI,20,M,B,N,535,20180724
18-91-FI,18,M,B,N,535,20180724
18-91-FI,27,F,B,N,535,20180724
18-91-FI,00,U,U,N,535,20180724
18-91-FI,27,M,B,N,548,20201226
18-92-FI,20,M,B,N,507,20180727
18-92-FI,23,M,B,N,507,20180727
18-92-FI,25,F,W,N,507,20180727
18-92-FI,24,M,B,N,507,20180727
18-92-FI,29,M,U,U,507,20180727
18-92-FI,37,F,B,N,507,20180727
18-92-FI,18,F,B,H,507,20180727
18-92-FI,23,M,B,N,507,20180727
18-92-FI,22,M,W,N,507,20180727
18-92-FI,54,F,B,N,507,20180727
18-92-FI,30,M,B,N,507,20180727
18-94-FI,23,M,B,N,577,20180805
18-95-FI,16,M,B,N,576,20180807
18-95-FI,15,M,B,N,576,20180807
18-95-FI,16,M,B,N,576,20190213
18-96-FI,21,M,B,N,535,20180813
18-96-FI,18,F,W,H,535,20180813
18-96-FI,17,F,W,N,535,20180813
18-96-FI,19,F,W,H,535,20180813
18-97-FI,24,F,B,N,588,20180811
18-97-FI,27,M,B,N,588,20180811
18-97-FI,26,M,B,N,588,20180811
18-97-FI,28,M,B,N,588,20210806
18-98-FI,29,F,W,N,548,20180815
18-99-FI,41,M,W,H,535,20180823
18-99-FI,39,M,W,N,535,20180823
18-99-FI,43,M,W,N,535,20180823
18-99-FI,23,M,W,N,535,20180823
18-99-FI,59,M,W,N,535,20180823
18-99-FI,48,F,W,N,535,20180823
18-99-FI,40,F,W,N,535,20180823
18-100-FI,53,M,B,N,389,20180820
18-101-FI,35,M,B,N,594,20180820
18-103-FI,34,M,B,H,577,20180821
18-103-FI,31,F,B,N,577,20180821
18-104-FI,25,M,B,N,559,20180824
18-104-FI,20,M,B,N,559,20180824
18-105-FI,27,M,B,N,535,20180831
18-105-FI,31,F,B,N,535,20180831
18-108-FI,60,M,W,N,548,20180901
18-108-FI,82,F,W,N,548,20180901
18-107-FI,55,M,W,N,548,20180901
18-109-FI,32,F,W,N,548,20180903
18-109-FI,58,M,W,N,548,20180903
18-109-FI,36,M,W,N,548,20190614
18-110-FI,33,M,W,N,592,20180909
18-110-FI,68,M,B,N,592,20180909
18-111-FI,28,M,B,N,548,20180921
18-111-FI,25,F,B,N,548,20180921
18-116-FI,14,M,B,H,557,20210104
18-116-FI,13,M,B,N,557,20181003
18-116-FI,14,F,B,H,557,20181003
18-116-FI,18,M,B,N,557,20190113
18-112-FI,61,M,B,N,548,20180925
18-112-FI,40,F,W,N,548,20180925
18-113-FI,29,F,B,N,548,20180925
18-113-FI,31,M,B,N,548,20191103
18-113-FI,29,F,B,N,548,20180925
18-113-FI,26,F,B,N,548,20180925
18-114-FI,35,M,B,N,548,20180927
18-114-FI,25,M,B,N,548,20180927
18-114-FI,39,M,B,N,548,20180927
18-115-FI,19,F,B,N,557,20180928
18-115-FI,24,F,B,N,557,20180928
18-115-FI,22,M,B,N,557,20180928
18-115-FI,47,F,B,N,557,20180928
18-117-FI,15,M,B,N,589,20180930
18-117-FI,17,M,B,N,589,20200430
18-117-FI,16,M,B,N,589,20180930
18-117-FI,17,M,B,N,589,20190329
18-118-FI,31,M,B,N,407,20180929
18-119-FI,28,M,B,U,443,20181001
18-119-FI,31,M,B,N,443,20181001
18-120-FI,20,M,B,N,531,20181002
18-120-FI,26,M,B,H,531,20181002
18-121-FI,33,M,B,N,548,20181003
18-122-FI,40,M,W,U,548,20181004
18-125-FI,21,M,B,N,548,20181008
18-125-FI,21,F,B,N,548,20181008
18-125-FI,42,F,B,N,548,20181008
18-123-FI,23,M,B,N,548,20181007
18-123-FI,18,F,B,N,548,20181007
18-124-FI,25,M,B,N,548,20181007
18-124-FI,28,M,B,N,548,20181007
18-124-FI,29,M,B,N,548,20181016
18-124-FI,25,M,B,N,548,20181125
18-124-FI,27,M,B,N,548,20181125
18-126-FI,36,M,W,N,548,20181014
18-126-FI,44,M,B,N,548,20181014
18-126-FI,56,M,B,N,548,20181014
18-127-FI,26,M,B,N,535,20181015
18-127-FI,54,F,W,H,535,20181024
18-128-FI,32,M,B,N,506,20181018
18-129-FI,21,F,W,N,592,20181021
18-129-FI,18,F,W,N,592,20181021
18-129-FI,49,F,U,U,592,20181021
18-130-FI,75,M,W,N,548,20181022
18-130-FI,22,M,B,N,548,20181022
18-130-FI,21,M,W,N,548,20181025
18-131-FI,17,M,B,N,375,20181026
18-131-FI,18,M,W,N,375,20181026
18-131-FI,17,M,B,N,375,20181026
18-131-FI,16,M,B,N,375,20181026
18-132-FI,25,F,B,N,535,20181102
18-132-FI,22,M,B,N,535,20181102
18-132-FI,20,M,B,N,535,20181102
18-132-FI,23,M,B,N,535,20181102
18-133-FI,30,M,B,N,535,20181104
18-133-FI,58,F,B,N,535,20181104
18-133-FI,29,F,B,N,535,20181104
18-134-FI,26,M,B,N,503,20181105
18-135-FI,21,M,B,N,506,20181105
18-135-FI,27,M,B,N,506,20181105
18-135-FI,22,M,B,N,506,20181105
18-136-FI,27,M,B,N,506,20181105
18-137-FI,27,M,B,N,506,20181107
18-140-FI,23,M,B,N,506,20181107
18-141-FI,23,M,B,N,506,20181107
18-141-FI,27,M,B,N,506,20181107
18-142-FI,36,M,B,N,506,20181107
18-142-FI,21,M,B,N,506,20181107
18-143-FI,,M,B,N,535,20190814
18-143-FI,61,M,B,N,535,20181115
18-143-FI,26,M,B,N,535,20181115
18-143-FI,23,M,B,N,535,20181115
18-143-FI,00,M,B,N,535,20181202
18-143-FI,41,F,B,N,535,20181202
18-143-FI,27,M,B,N,535,20181215
18-143-FI,28,M,B,N,535,20190114
18-143-FI,31,M,B,N,535,20190114
18-143-FI,57,F,W,N,548,20190116
18-143-FI,36,M,W,N,548,20190116
18-143-FI,18,F,B,N,548,20190116
18-143-FI,18,M,B,N,535,20190126
18-144-FI,24,M,B,N,506,20181111
18-144-FI,23,M,B,N,506,20181111
18-144-FI,23,M,B,N,506,20181111
18-145-FI,32,M,B,N,506,20181112
18-146-FI,40,M,B,H,544,20181113
18-147-FI,28,M,B,N,503,20181119
18-147-FI,35,M,B,N,503,20181119
18-147-FI,42,M,B,N,503,20181119
18-148-FI,21,M,B,N,586,20181121
18-149-FI,27,M,W,N,548,20181121
18-149-FI,53,F,W,N,548,20181121
18-150-FI,25,M,B,N,548,20181124
18-150-FI,30,F,U,H,548,20181124
18-151-FI,54,M,W,N,548,20181124
18-152-FI,36,M,B,N,544,20181126
18-154-FI,21,M,B,N,553,20181202
18-154-FI,21,M,B,N,553,20190913
18-154-FI,20,M,B,N,553,20190226
18-155-FI,53,M,W,H,506,20181203
18-155-FI,00,M,W,N,506,20181203
18-153-FI,32,F,W,N,548,20181202
18-153-FI,36,M,W,N,548,20181202
18-153-FI,35,F,W,N,548,20181202
18-156-FI,27,M,B,N,506,20181204
18-157-FI,19,M,B,N,506,20190602
18-158-FI,20,M,B,N,506,20181206
18-158-FI,26,M,B,N,506,20181206
18-158-FI,21,M,B,N,506,20181206
18-159-FI,29,M,B,N,506,20181206
18-160-FI,57,M,W,N,548,20181208
18-161-FI,62,M,W,N,544,20181208
18-162-FI,20,M,B,N,506,20181210
18-162-FI,21,M,B,N,506,20181210
18-162-FI,18,F,W,N,506,20181210
18-163-FI,19,M,B,N,506,20181211
18-163-FI,19,M,B,N,506,20190602
18-164-FI,32,F,W,N,506,20181211
18-165-FI,21,M,B,N,506,20181214
18-165-FI,26,M,B,N,506,20181214
18-166-FI,42,M,W,N,506,20181214
18-166-FI,30,M,W,N,506,20181214
18-166-FI,25,M,W,N,506,20181214
18-166-FI,34,M,W,N,506,20181214
18-167-FI,27,M,B,N,535,20181220
18-167-FI,00,U,U,N,535,20181220
18-168-FI,24,M,B,N,507,20181227
18-168-FI,25,M,B,N,507,20181227
18-168-FI,23,M,B,N,507,20181227
18-169-FI,25,M,B,N,506,20181227
18-170-FI,18,M,B,N,506,20181228
18-170-FI,20,M,B,N,506,20181228
18-170-FI,19,M,B,N,506,20181228
18-171-FI,23,M,B,N,506,20181230
19-6-FI,26,M,B,N,587,20190105
19-6-FI,23,M,B,N,587,20191113
19-6-FI,22,M,B,N,587,20190925
19-1-FI,21,F,B,N,535,20190104
19-1-FI,24,M,B,N,535,20190104
19-2-FI,49,M,B,N,482,20190104
19-2-FI,41,F,B,N,482,20190104
19-3-FI,23,M,B,N,535,20190104
19-3-FI,42,F,B,N,535,20190104
19-5-FI,26,F,B,N,548,20190108
19-8-FI,54,M,B,N,592,20190107
19-8-FI,49,F,W,H,592,20190108
19-8-FI,52,M,B,N,592,20190108
19-9-FI,26,M,B,N,557,20190108
19-9-FI,26,M,B,N,557,20190108
19-9-FI,34,M,B,N,557,20190108
19-9-FI,19,M,B,N,557,20190108
19-10-FI,20,M,B,N,592,20190109
19-10-FI,20,M,B,N,592,20190109
19-10-FI,20,M,B,N,592,20190109
19-10-FI,18,M,B,N,592,20190516
19-11-FI,26,M,B,N,548,20190109
19-11-FI,28,M,B,N,548,20190109
19-11-FI,20,F,W,N,548,20190109
19-11-FI,,M,B,N,548,20190814
19-11-FI,29,M,B,N,548,20190216
19-11-FI,22,F,B,N,548,20190216
19-12-FI,30,M,B,N,506,20190111
19-12-FI,32,M,B,N,506,20190111
19-12-FI,23,M,B,N,506,20190111
19-13-FI,22,M,B,N,506,20190112
19-13-FI,22,M,B,N,506,20190112
19-14-FI,35,M,B,N,573,20190112
19-14-FI,59,M,B,N,573,20190112
19-15-FI,30,M,B,N,389,20190113
19-16-FI,16,M,W,N,557,20190114
19-16-FI,17,M,B,N,557,20190114
19-16-FI,18,M,B,N,557,20190116
19-16-FI,21,M,W,N,557,20190116
19-16-FI,15,F,B,N,557,20190116
19-16-FI,18,M,B,N,557,20190626
19-17-FI,59,F,W,N,535,20190120
19-17-FI,32,F,W,N,535,20190120
19-17-FI,23,M,B,N,535,20190120
19-17-FI,48,F,W,N,535,20190120
19-17-FI,68,M,W,N,535,20190120
19-18-FI,23,M,B,N,506,20190116
19-20-FI,32,M,B,N,592,20190121
19-20-FI,26,M,B,N,592,20190121
19-21-FI,17,M,B,N,557,20190122
19-21-FI,16,M,W,N,557,20190122
19-21-FI,17,M,B,N,557,20190122
19-21-FI,21,M,B,N,557,20190122
19-21-FI,16,M,B,N,557,20190122
19-21-FI,17,M,B,N,557,20200430
19-22-FI,31,M,B,N,389,20190123
19-24-FI,41,M,W,N,317,20190125
19-25-FI,20,F,B,N,591,20190125
19-25-FI,26,M,B,N,591,20190125
19-25-FI,23,M,B,N,591,20190125
19-26-FI,33,M,B,N,407,20190128
19-26-FI,28,M,B,N,407,20190128
19-26-FI,30,F,B,N,407,20190128
19-26-FI,30,F,B,N,407,20190128
19-26-FI,37,M,B,N,407,20190128
19-26-FI,25,M,B,N,407,20190128
19-26-FI,28,M,B,N,407,20190128
19-26-FI,25,F,B,N,407,20190128
19-28-FI,23,M,B,N,557,20190206
19-29-FI,25,F,B,N,548,20190211
19-29-FI,28,M,B,N,548,20190211
19-31-FI,00,U,U,N,535,20190215
19-31-FI,75,M,W,N,535,20190215
19-31-FI,22,M,W,N,535,20190215
19-31-FI,21,M,B,N,535,20190215
19-31-FI,48,F,B,N,535,20190215
19-32-FI,50,F,W,N,544,20190218
19-32-FI,54,M,B,N,544,20190218
19-32-FI,26,M,B,H,544,20190218
19-33-FI,25,M,B,N,557,20190214
19-33-FI,26,M,B,N,557,20190214
19-33-FI,21,M,B,N,557,20190214
19-33-FI,27,M,B,N,557,20190214
19-33-FI,24,M,B,N,548,20190414
19-34-FI,30,M,B,N,443,20190220
19-35-FI,53,M,B,N,586,20190220
19-35-FI,21,F,B,N,586,20190220
19-36-FI,21,F,B,N,548,20190228
19-36-FI,25,M,B,N,548,20190228
19-37-FI,53,M,W,H,592,20190303
19-37-FI,28,M,W,H,592,20190418
19-37-FI,29,M,U,U,592,20190303
19-37-FI,35,M,W,H,548,20190418
19-37-FI,56,F,W,H,548,20190418
19-38-FI,29,M,B,H,535,20190303
19-38-FI,25,F,B,N,535,20190303
19-38-FI,48,F,B,N,535,20190422
19-38-FI,50,F,W,N,535,20190422
19-38-FI,23,M,B,N,535,20190422
19-38-FI,26,M,B,N,548,20190422
19-38-FI,29,M,B,N,548,20190422
19-38-FI,22,M,B,N,535,20190422
19-39-FI,37,M,W,N,535,20190303
19-39-FI,40,M,W,N,535,20190308
19-39-FI,38,M,W,N,535,20190308
19-39-FI,34,F,W,N,535,20190308
19-39-FI,38,M,W,N,535,20190308
19-40-FI,53,M,W,N,548,20190306
19-41-FI,40,M,B,N,506,20190306
19-41-FI,32,M,B,N,506,20191217
19-42-FI,36,M,B,N,544,20190308
19-42-FI,41,M,B,N,544,20190308
19-43-FI,30,M,W,N,544,20190308
19-44-FI,36,M,W,N,586,20190310
19-45-FI,21,M,W,N,506,20201211
19-45-FI,20,M,B,N,506,20190309
19-46-FI,26,M,B,N,506,20190311
19-46-FI,27,M,B,U,506,20190311
19-48-FI,30,M,B,N,479,20190314
19-48-FI,22,M,B,N,479,20190314
19-48-FI,22,M,B,N,479,20190314
19-47-FI,45,M,B,H,548,20190314
19-47-FI,20,M,W,H,548,20190314
19-47-FI,42,F,W,H,548,20190314
19-49-FI,20,M,B,N,506,20190318
19-49-FI,21,M,B,N,506,20190318
19-49-FI,21,M,B,N,506,20190318
19-49-FI,21,M,B,H,506,20190318
19-50-FI,22,M,W,N,506,20190318
19-50-FI,21,M,B,N,506,20190318
19-50-FI,22,M,B,N,506,20190318
19-51-FI,27,F,W,N,548,20190324
19-51-FI,24,M,W,N,548,20190324
19-51-FI,39,M,W,H,548,20190324
19-52-FI,52,M,B,N,592,20190326
19-52-FI,36,F,W,N,592,20190326
19-52-FI,45,F,W,N,592,20190326
19-54-FI,23,M,B,N,548,20190328
19-54-FI,21,F,B,N,548,20190328
19-54-FI,21,F,B,H,548,20190328
19-53-FI,28,M,W,H,535,20190329
19-53-FI,27,M,B,N,535,20190329
19-53-FI,69,F,B,N,535,20190329
19-53-FI,26,M,B,N,535,20190329
19-55-FI,43,M,W,N,548,20190330
19-61-FI,26,M,B,N,535,20190420
19-57-FI,20,M,W,H,535,20190420
19-57-FI,20,F,W,H,535,20190420
19-57-FI,27,M,B,N,535,20190420
19-57-FI,26,M,B,N,535,20190420
19-57-FI,43,F,W,N,535,20190420
19-58-FI,22,M,B,N,559,20190410
19-58-FI,22,M,B,U,559,20190410
19-59-FI,18,F,B,H,557,20190416
19-59-FI,21,M,B,U,557,20200502
19-60-FI,53,F,W,N,548,20190419
19-60-FI,39,M,W,N,548,20190419
19-60-FI,58,M,W,N,548,20190419
19-62-FI,18,M,B,N,553,20190424
19-62-FI,22,M,B,N,553,20190424
19-62-FI,19,M,B,N,553,20190828
19-63-FI,26,M,B,N,563,20190426
19-63-FI,27,F,B,N,563,20190426
19-64-FI,26,M,U,H,347,20190508
19-65-FI,21,M,B,N,503,20190427
19-65-FI,19,M,B,H,503,20190427
19-66-FI,31,M,B,N,506,20190427
19-67-FI,32,M,W,H,586,20190428
19-67-FI,24,M,B,H,586,20190428
19-69-FI,39,M,B,N,608,20190502
19-69-FI,30,F,W,N,608,20190502
19-69-FI,19,F,W,N,608,20190502
19-75-FI,26,M,B,N,535,20190521
19-75-FI,00,U,U,U,535,20190521
19-70-FI,18,M,B,H,557,20190510
19-70-FI,18,M,B,H,557,20190510
19-70-FI,19,M,B,H,557,20190510
19-70-FI,20,M,B,N,557,20190510
19-70-FI,20,M,B,N,557,20190510
19-71-FI,44,M,B,H,597,20190510
19-71-FI,39,F,W,N,597,20190510
19-71-FI,60,F,B,N,597,20190510
19-72-FI,26,M,B,N,506,20190514
19-72-FI,27,M,B,H,506,20190514
19-73-FI,23,M,B,H,586,20190516
19-74-FI,29,M,B,N,506,20190516
19-76-FI,24,F,W,N,548,20190524
19-76-FI,33,M,W,H,548,20190526
19-77-FI,20,M,B,N,548,20190526
19-77-FI,26,M,B,N,548,20190526
19-78-FI,32,M,B,N,506,20191217
19-78-FI,39,M,B,N,506,20190527
19-79-FI,21,M,B,N,506,20190529
19-79-FI,18,M,B,H,506,20190529
19-79-FI,19,F,B,N,506,20190529
19-80-FI,26,M,B,N,506,20190529
19-80-FI,23,M,B,N,506,20190529
19-80-FI,23,M,B,N,506,20190529
19-81-FI,23,M,B,N,592,20190602
19-81-FI,42,M,B,N,592,20190602
19-82-FI,25,F,B,N,544,20190614
19-82-FI,58,M,B,N,544,20190614
19-82-FI,23,M,B,N,544,20190614
19-83-FI,22,M,B,N,585,20190616
19-83-FI,23,M,B,N,585,20190616
19-92-FI,16,M,B,H,557,20190621
19-92-FI,19,M,B,N,557,20190621
19-84-FI,37,M,W,N,592,20190619
19-84-FI,24,M,B,N,592,20190619
19-84-FI,29,F,W,N,592,20190619
19-85-FI,23,M,B,N,547,20190619
19-85-FI,20,M,A,N,547,20190619
19-87-FI,52,M,B,N,506,20190620
19-88-FI,27,M,B,N,506,20190620
19-89-FI,50,F,B,N,506,20190620
19-89-FI,47,M,B,N,506,20190620
19-90-FI,43,M,B,N,506,20190620
19-91-FI,39,M,B,N,559,20190620
19-91-FI,37,M,B,N,559,20190620
19-93-FI,21,M,W,N,548,20190624
19-93-FI,22,M,W,N,548,20210706
19-93-FI,62,F,W,N,548,20190624
19-93-FI,23,F,W,N,548,20190624
19-94-FI,30,F,B,N,548,20200512
19-94-FI,23,F,B,H,548,20190625
19-94-FI,28,F,W,N,548,20190625
19-94-FI,27,F,B,N,548,20190625
19-94-FI,63,F,W,H,548,20190625
19-94-FI,40,F,B,H,548,20190625
19-94-FI,38,M,B,H,548,20190625
19-96-FI,25,F,B,N,506,20190628
19-96-FI,29,M,B,N,506,20190628
19-97-FI,30,F,B,N,506,20190702
19-98-FI,25,F,B,N,592,20190703
19-98-FI,22,M,B,N,592,20190703
19-98-FI,60,M,B,N,592,20190703
19-98-FI,22,M,B,U,592,20190703
19-98-FI,24,M,B,N,592,20190703
19-99-FI,30,M,B,N,548,20190706
19-99-FI,24,M,B,N,548,20190706
19-99-FI,30,M,B,N,548,20190706
19-99-FI,28,M,B,N,548,20190706
19-100-FI,27,M,B,N,548,20190707
19-100-FI,23,M,B,N,548,20190707
19-100-FI,24,M,B,N,548,20190707
19-100-FI,27,M,B,N,548,20190707
19-100-FI,49,F,B,N,548,20190707
19-100-FI,32,M,B,N,548,20190707
19-101-FI,17,M,B,N,506,20190707
19-101-FI,18,M,B,U,506,20190818
19-101-FI,27,M,B,N,506,20190707
19-101-FI,17,M,B,N,506,20190707
19-103-FI,22,M,B,N,506,20190710
19-103-FI,22,M,B,N,506,20190710
19-103-FI,21,M,B,N,506,20190710
19-103-FI,21,M,B,N,506,20190710
19-104-FI,27,M,W,N,389,20190712
19-105-FI,67,F,W,N,548,20190713
19-105-FI,18,M,W,N,548,20190713
19-105-FI,53,M,W,N,548,20190713
19-106-FI,18,M,B,N,557,20190713
19-106-FI,19,M,B,N,557,20190713
19-106-FI,18,M,B,N,557,20190713
19-106-FI,19,M,B,N,557,20190713
19-107-FI,23,F,B,N,548,20190715
19-108-FI,39,M,W,N,317,20190715
19-109-FI,17,M,B,N,587,20190814
19-109-FI,16,M,B,N,587,20190718
19-109-FI,14,M,B,N,587,20190718
19-109-FI,16,M,B,H,587,20190718
19-110-FI,16,M,B,N,532,20190718
19-110-FI,14,M,B,N,532,20190718
19-110-FI,12,M,W,H,532,20200313
19-110-FI,19,M,B,N,532,20190718
19-110-FI,17,M,B,N,532,20190718
19-111-FI,48,F,U,U,496,20190721
19-112-FI,32,M,B,N,559,20190721
19-112-FI,36,M,B,N,559,20190721
19-113-FI,33,M,B,N,557,20190722
19-114-FI,17,M,B,N,506,20190726
19-114-FI,32,M,B,H,506,20190726
19-114-FI,33,M,B,H,506,20190726
19-119-FI,16,M,B,N,506,20211017
19-119-FI,26,M,B,N,506,20190731
19-119-FI,16,M,B,N,506,20190731
19-116-FI,32,M,B,N,535,20190801
19-116-FI,29,F,B,N,535,20190801
19-116-FI,33,M,B,N,535,20190801
19-117-FI,24,M,B,N,535,20190805
19-117-FI,27,F,W,N,535,20190805
19-118-FI,13,M,B,H,506,20200213
19-118-FI,44,M,B,H,506,20190731
19-120-FI,33,M,W,H,506,20190902
19-121-FI,33,M,B,N,548,20190802
19-121-FI,32,M,B,N,548,20190802
19-121-FI,31,M,B,N,548,20190802
19-122-FI,20,M,B,H,557,20190810
19-122-FI,21,M,B,N,557,20190810
19-122-FI,18,M,B,H,557,20190810
19-123-FI,33,M,B,N,347,20190806
19-125-FI,34,M,B,N,548,20190809
19-125-FI,30,M,B,N,548,20190809
19-125-FI,43,M,B,N,548,20190809
19-125-FI,18,F,B,N,548,20190809
19-126-FI,23,M,B,N,555,20190807
19-128-FI,33,M,W,N,544,20190811
19-128-FI,28,F,W,H,544,20190811
19-129-FI,19,M,B,N,559,20190814
19-129-FI,23,M,B,N,559,20190814
19-130-FI,18,M,B,N,503,20190819
19-130-FI,18,M,B,N,503,20190819
19-130-FI,17,M,B,N,503,20190819
19-130-FI,34,F,B,N,503,20190819
19-131-FI,34,M,B,N,569,20190817
19-132-FI,25,M,B,N,557,20190819
19-132-FI,22,M,B,N,557,20190819
19-134-FI,36,M,W,N,463,20190822
19-135-FI,48,M,W,N,463,20190822
19-136-FI,22,F,B,N,463,20190822
19-137-FI,52,M,W,N,463,20190822
19-138-FI,46,F,B,N,463,20190822
19-139-FI,22,M,B,U,437,20190822
19-139-FI,21,M,B,N,437,20190822
19-141-FI,21,F,W,N,347,20190828
19-141-FI,39,F,W,N,347,20190828
19-141-FI,60,M,B,N,347,20190828
19-142-FI,18,M,B,N,380,20191029
19-143-FI,22,M,B,H,548,20190828
19-143-FI,22,M,B,N,548,20190828
19-143-FI,54,M,B,N,548,20190828
19-144-FI,19,M,B,N,380,20211129
19-145-FI,51,M,W,N,405,20190828
19-145-FI,33,F,W,N,405,20190828
19-146-FI,36,M,W,N,372,20190828
19-146-FI,43,M,W,N,372,20190828
19-147-FI,53,M,B,N,420,20190828
19-147-FI,50,F,W,H,420,20190828
19-148-FI,54,M,W,N,372,20190828
19-150-FI,47,M,W,N,420,20190828
19-150-FI,33,F,B,N,420,20190828
19-150-FI,28,F,W,N,420,20190828
19-150-FI,44,F,W,N,420,20190828
19-150-FI,47,M,W,N,420,20190828
19-150-FI,28,F,W,N,420,20190828
19-150-FI,32,M,A,N,420,20190828
19-150-FI,33,F,W,N,420,20190828
19-152-FI,36,M,B,N,405,20190829
19-153-FI,27,M,B,H,548,20190830
19-153-FI,24,M,B,N,548,20190830
19-153-FI,26,M,B,H,548,20190830
19-153-FI,60,M,B,N,548,20190830
19-154-FI,20,M,B,U,437,20190903
19-154-FI,21,M,B,U,437,20190903
19-155-FI,22,F,B,N,437,20190903
19-156-FI,29,M,B,N,345,20190905
19-156-FI,22,M,W,N,345,20190905
19-156-FI,21,M,B,N,345,20190905
19-157-FI,22,M,B,N,557,20190905
19-157-FI,20,F,B,N,557,20190905
19-157-FI,25,F,B,N,557,20190905
19-200-FI,19,M,B,N,492,20191204
19-200-FI,21,M,B,N,492,20191204
19-158-FI,18,M,B,N,569,20190916
19-158-FI,21,M,B,N,569,20190916
19-161-FI,24,M,B,N,389,20190920
19-162-FI,34,M,B,N,389,20190920
19-163-FI,27,F,B,N,389,20190920
19-165-FI,29,M,B,N,569,20190924
19-165-FI,34,M,B,H,569,20190924
19-165-FI,26,M,B,N,569,20190924
19-165-FI,29,M,B,N,569,20190924
19-166-FI,29,M,B,N,331,20190927
19-168-FI,27,M,B,N,592,20190929
19-167-FI,31,M,B,N,592,20200116
19-167-FI,37,M,B,N,592,20190929
19-167-FI,30,F,B,N,592,20190929
19-169-FI,23,M,B,N,506,20191003
19-169-FI,19,M,B,N,506,20211017
19-170-FI,49,M,W,H,492,20191003
19-170-FI,21,M,W,H,492,20191003
19-170-FI,20,F,W,H,492,20191003
19-171-FI,15,M,B,N,608,20191004
19-171-FI,15,M,B,U,608,20191004
19-171-FI,17,M,B,H,608,20191004
19-171-FI,15,M,B,N,608,20191209
19-171-FI,16,M,B,N,608,20191004
19-171-FI,18,M,U,U,608,20191004
19-171-FI,18,M,B,U,608,20191004
19-171-FI,15,M,B,N,608,20211128
19-171-FI,16,M,B,U,608,20191004
19-174-FI,16,M,B,N,608,20191008
19-175-FI,15,M,B,N,608,20191209
19-176-FI,15,M,B,U,608,20191008
19-177-FI,17,M,B,H,608,20191008
19-178-FI,16,M,B,U,608,20191008
19-179-FI,18,M,B,U,608,20191008
19-180-FI,18,M,B,U,608,20191008
19-181-FI,15,M,B,N,608,20191008
19-172-FI,27,M,B,N,562,20191006
19-172-FI,18,M,W,H,562,20191006
19-172-FI,21,M,B,N,562,20191006
19-173-FI,51,F,B,N,586,20191007
19-182-FI,22,M,B,N,559,20191010
19-183-FI,30,F,W,N,548,20191011
19-184-FI,26,M,B,N,592,20191017
19-185-FI,22,M,B,N,389,20191017
19-186-FI,18,M,B,N,569,20191029
19-187-FI,26,M,B,N,535,20191024
19-187-FI,24,F,B,N,535,20191024
19-187-FI,48,F,B,N,535,20191024
19-187-FI,27,M,B,N,535,20191024
19-187-FI,21,M,B,N,535,20191024
19-188-FI,33,M,B,N,557,20191101
19-190-FI,28,M,B,N,573,20191113
19-189-FI,30,M,B,N,569,20191110
19-189-FI,21,M,B,N,569,20191110
19-189-FI,22,M,B,N,569,20191110
19-189-FI,26,M,B,N,569,20191110
19-191-FI,41,F,W,N,548,20191115
19-191-FI,37,F,W,N,548,20191115
19-191-FI,31,M,W,N,548,20191115
19-191-FI,29,F,W,N,548,20191115
19-192-FI,19,M,B,N,569,20191116
19-193-FI,35,M,B,N,551,20191120
19-193-FI,28,F,B,N,551,20191120
19-194-FI,24,F,B,N,614,20191202
19-194-FI,25,F,B,N,614,20191202
19-195-FI,16,M,W,N,506,20191123
19-195-FI,18,M,W,N,506,20191123
19-195-FI,17,M,B,N,506,20191123
19-195-FI,16,M,B,N,506,20201219
19-195-FI,16,M,W,N,506,20191123
19-196-FI,30,F,W,N,535,20191124
19-196-FI,21,M,B,N,535,20191124
19-197-FI,35,M,B,N,592,20191127
19-197-FI,35,M,W,N,592,20191127
19-198-FI,18,M,W,H,535,20191130
19-198-FI,19,M,B,N,535,20191130
19-198-FI,00,M,B,N,535,20191130
19-199-FI,28,M,B,N,559,20191130
19-199-FI,23,M,B,N,559,20191130
19-199-FI,26,M,B,N,559,20191130
19-199-FI,,F,B,H,559,20211127
19-201-FI,21,M,B,N,557,20191206
19-202-FI,38,M,B,N,506,20191209
19-202-FI,53,M,W,N,506,20191209
19-203-FI,26,M,B,N,592,20191210
19-203-FI,39,M,W,N,592,20191210
19-203-FI,56,F,W,N,592,20191210
19-204-FI,35,M,B,N,506,20191210
19-204-FI,28,M,B,N,506,20191210
19-205-FI,59,M,W,U,345,20191212
19-206-FI,22,M,B,N,506,20191216
19-207-FI,22,M,W,N,506,20191216
19-207-FI,23,M,B,N,506,20191216
19-207-FI,22,M,B,N,506,20191216
19-208-FI,22,M,B,N,557,20191226
19-208-FI,26,F,B,N,557,20191226
19-208-FI,27,F,B,H,557,20191226
19-209-FI,17,M,B,N,614,20191228
19-209-FI,17,M,B,N,614,20191228
19-209-FI,15,M,B,N,614,20191228
19-210-FI,26,M,W,N,548,20191228
19-210-FI,29,M,W,N,548,20191228
20-1-FI,21,M,B,N,569,20200102
20-3-FI,19,M,B,U,555,20200106
20-3-FI,27,M,B,U,555,20200106
20-3-FI,20,F,B,H,555,20200106
20-3-FI,16,F,B,U,555,20200106
20-5-FI,29,F,B,N,569,20200110
20-5-FI,31,M,B,N,569,20200110
20-5-FI,23,M,B,N,569,20200110
20-6-FI,30,M,B,U,348,20200115
20-7-FI,35,M,W,N,535,20200120
20-7-FI,35,F,W,N,535,20200120
20-8-FI,18,M,B,N,569,20200122
20-8-FI,19,F,W,N,569,20200122
20-11-FI,35,M,B,N,569,20200203
20-11-FI,21,M,B,N,569,20200203
20-11-FI,21,M,B,N,569,20200203
20-11-FI,19,M,B,N,569,20200203
20-12-FI,23,M,W,H,592,20200205
20-12-FI,24,M,B,N,592,20200205
20-12-FI,26,F,B,H,592,20200206
20-13-FI,27,M,B,N,559,20200205
20-13-FI,20,M,U,U,559,20200205
20-13-FI,20,M,B,N,559,20200205
20-14-FI,24,M,W,N,405,20200210
20-14-FI,22,M,B,N,405,20200210
20-14-FI,21,M,B,N,405,20200210
20-15-FI,24,M,B,N,557,20200222
20-15-FI,28,M,B,N,557,20200222
20-15-FI,24,M,B,N,557,20200222
20-16-FI,20,F,B,N,548,20200226
20-16-FI,20,M,B,N,548,20200226
20-16-FI,24,M,W,N,548,20200226
20-16-FI,48,F,B,N,548,20200226
20-17-FI,24,M,B,N,591,20200226
20-18-FI,30,M,B,N,569,20200228
20-18-FI,30,M,B,H,569,20200228
20-18-FI,21,M,B,N,569,20200228
20-19-FI,23,M,W,H,592,20200301
20-19-FI,62,M,W,N,592,20200301
20-19-FI,36,M,B,N,592,20200301
20-20-FI,25,M,B,N,569,20200309
20-20-FI,22,M,B,N,569,20200502
20-20-FI,22,F,B,N,569,20200502
20-21-FI,33,M,B,N,592,20200313
20-22-FI,19,M,B,N,587,20200315
20-22-FI,20,M,B,N,587,20200315
20-22-FI,19,M,B,N,587,20200315
20-23-FI,20,M,B,U,559,20200316
20-24-FI,17,M,W,N,506,20200324
20-24-FI,18,M,W,N,506,20200324
20-24-FI,16,M,B,N,506,20200324
20-24-FI,16,M,B,H,506,20200324
20-24-FI,15,M,B,N,506,20200324
20-25-FI,24,M,B,N,503,20200324
20-25-FI,24,M,B,N,503,20200324
20-26-FI,22,M,B,N,437,20200406
20-26-FI,25,M,B,H,437,20200406
20-26-FI,22,M,B,N,437,20200406
20-26-FI,24,M,B,U,437,20200406
20-27-FI,27,M,B,N,592,20200412
20-27-FI,49,F,W,H,592,20200412
20-29-FI,21,M,B,N,548,20200424
20-29-FI,18,F,B,N,548,20200424
20-29-FI,23,M,B,N,548,20200424
20-29-FI,20,F,B,N,548,20200424
20-30-FI,23,M,B,N,506,20200424
20-30-FI,21,M,B,N,506,20200424
20-30-FI,22,M,B,N,506,20200424
20-30-FI,22,M,B,N,506,20200424
20-30-FI,26,M,B,N,506,20200424
20-31-FI,20,M,B,N,615,20200424
20-31-FI,21,M,B,U,615,20200424
20-31-FI,22,M,B,N,615,20200424
20-32-FI,22,M,B,N,492,20200426
20-32-FI,22,M,B,N,492,20200426
20-32-FI,25,M,B,N,492,20200426
20-33-FI,19,M,B,N,555,20200428
20-33-FI,19,F,W,N,555,20200428
20-34-FI,26,M,B,N,569,20200428
20-34-FI,22,M,B,N,569,20200428
20-35-FI,21,M,B,U,555,20200428
20-35-FI,23,M,B,N,555,20200428
20-35-FI,23,M,W,N,555,20200428
20-36-FI,31,M,U,H,506,20200428
20-37-FI,38,F,B,N,548,20200430
20-37-FI,30,M,B,N,548,20200430
20-37-FI,23,M,B,N,548,20200430
20-37-FI,19,M,B,N,548,20200430
20-38-FI,19,F,B,H,592,20200501
20-38-FI,20,M,B,N,592,20200501
20-38-FI,16,M,B,U,592,20200501
20-39-FI,22,M,B,N,592,20200502
20-39-FI,24,M,B,N,592,20200502
20-41-FI,23,M,B,N,569,20200503
20-41-FI,23,M,B,N,569,20200503
20-41-FI,23,M,B,N,569,20200503
20-40-FI,26,M,B,N,555,20200503
20-40-FI,23,M,B,N,555,20200503
20-42-FI,38,M,B,N,592,20200504
20-43-FI,19,M,W,N,592,20200504
20-43-FI,20,M,B,N,592,20200504
20-43-FI,24,F,B,N,592,20200504
20-44-FI,22,M,B,N,569,20200505
20-44-FI,20,M,B,N,569,20200505
20-44-FI,19,M,B,N,569,20200505
20-45-FI,24,M,B,N,569,20200508
20-46-FI,23,M,B,N,569,20200508
20-46-FI,22,M,B,H,569,20200508
20-47-FI,27,M,B,N,555,20200506
20-47-FI,29,M,B,N,555,20200506
20-47-FI,29,M,B,N,555,20200506
20-49-FI,34,M,B,N,389,20200506
20-50-FI,29,F,W,H,389,20200506
20-51-FI,24,M,B,U,348,20200506
20-51-FI,24,M,B,N,348,20200506
20-52-FI,34,F,U,H,405,20200506
20-53-FI,48,F,B,N,548,20200507
20-53-FI,21,M,B,N,548,20200507
20-53-FI,24,M,B,N,548,20200507
20-54-FI,19,M,B,N,420,20200507
20-54-FI,19,F,W,N,420,20200507
20-55-FI,24,M,W,N,559,20200507
20-55-FI,46,M,B,N,559,20200507
20-56-FI,22,M,B,N,559,20200507
20-56-FI,21,M,B,N,559,20200507
20-57-FI,29,M,B,N,592,20200507
20-58-FI,21,M,B,N,559,20200508
20-58-FI,28,M,B,N,559,20201023
20-59-FI,26,M,B,N,559,20200509
20-59-FI,28,M,B,N,559,20201023
20-59-FI,21,M,B,N,559,20200509
20-60-FI,24,M,B,U,592,20200509
20-61-FI,29,M,B,N,559,20200510
20-61-FI,24,M,B,N,559,20200510
20-61-FI,21,M,B,N,559,20200510
20-61-FI,28,M,B,N,559,20200510
20-62-FI,18,M,W,H,555,20200511
20-62-FI,17,M,B,U,555,20200511
20-62-FI,19,M,B,N,555,20200511
20-63-FI,32,M,B,N,443,20200512
20-63-FI,34,M,B,N,443,20200512
20-64-FI,32,M,W,N,548,20200512
20-64-FI,31,F,W,N,548,20200512
20-65-FI,34,F,B,N,389,20200512
20-66-FI,41,M,B,N,592,20200513
20-67-FI,39,F,W,N,548,20200514
20-67-FI,54,M,W,N,548,20200514
20-67-FI,51,M,W,N,548,20200514
20-67-FI,50,M,B,N,548,20200514
20-67-FI,52,M,W,N,548,20200514
20-68-FI,20,M,B,N,506,20200514
20-68-FI,24,M,B,N,506,20200514
20-68-FI,18,M,B,N,506,20200514
20-68-FI,20,M,B,N,506,20200514
20-69-FI,31,M,B,N,334,20200514
20-70-FI,41,M,B,N,557,20200514
20-70-FI,41,M,B,N,557,20200514
20-71-FI,41,F,W,N,348,20200514
20-71-FI,51,M,W,N,348,20200514
20-72-FI,22,M,W,N,350,20200514
20-73-FI,25,M,B,N,405,20200514
20-73-FI,33,M,B,N,405,20200514
20-73-FI,33,M,U,N,405,20200514
20-74-FI,18,M,B,N,592,20200519
20-74-FI,23,M,B,N,592,20200519
20-76-FI,34,F,W,N,548,20200517
20-76-FI,42,M,W,N,548,20200517
20-77-FI,23,M,W,N,557,20200520
20-77-FI,23,M,B,N,557,20200520
20-77-FI,23,M,B,N,557,20200520
20-77-FI,23,M,B,N,557,20200520
20-78-FI,20,M,B,N,592,20200520
20-79-FI,23,M,B,N,557,20200523
20-79-FI,23,M,B,N,557,20200523
20-79-FI,26,M,B,N,557,20200523
20-79-FI,25,F,B,N,557,20200523
20-81-FI,20,M,B,N,559,20200526
20-82-FI,22,M,B,N,559,20200525
20-82-FI,20,M,B,N,559,20200525
20-82-FI,22,M,B,N,559,20200525
20-83-FI,22,M,B,N,592,20200525
20-83-FI,22,M,B,N,592,20200525
20-83-FI,20,M,W,H,592,20200525
20-83-FI,22,M,B,U,592,20200526
20-84-FI,19,M,W,N,559,20200526
20-84-FI,18,M,B,N,559,20200526
20-84-FI,18,M,B,N,559,20200526
20-84-FI,18,M,U,U,559,20200526
20-84-FI,19,M,B,N,559,20200526
20-85-FI,25,M,B,N,559,20200531
20-85-FI,26,M,B,H,559,20200531
20-86-FI,21,M,B,N,389,20200529
20-86-FI,18,M,B,N,389,20200529
20-86-FI,21,M,B,N,389,20200529
20-86-FI,22,M,B,N,389,20200529
20-87-FI,26,M,B,N,587,20200530
20-87-FI,26,M,B,N,587,20200530
20-88-FI,21,M,B,N,587,20200530
20-89-FI,20,M,B,N,587,20200604
20-90-FI,22,M,B,H,592,20200607
20-91-FI,25,M,B,N,569,20200610
20-92-FI,23,F,B,N,627,20200612
20-92-FI,36,F,W,N,627,20200612
20-92-FI,55,M,B,N,627,20200612
20-99-FI,20,M,B,N,569,20200621
20-99-FI,21,M,B,N,569,20200621
20-99-FI,23,M,B,N,569,20200621
20-94-FI,28,M,B,N,482,20200615
20-96-FI,21,M,B,N,592,20200615
20-97-FI,28,M,B,N,587,20200617
20-97-FI,37,M,B,N,587,20200617
20-98-FI,31,M,B,N,592,20200618
20-101-FI,26,M,B,N,557,20200701
20-100-FI,19,M,B,N,557,20200701
20-100-FI,18,M,B,N,557,20200701
20-102-FI,19,M,B,N,557,20200703
20-102-FI,19,M,B,N,557,20200703
20-102-FI,19,M,B,N,557,20200703
20-102-FI,18,M,B,N,557,20200703
20-103-FI,26,M,B,N,557,20200704
20-103-FI,24,M,B,N,557,20200704
20-103-FI,34,F,W,N,557,20200704
20-104-FI,25,M,B,N,587,20200710
20-105-FI,35,M,B,N,587,20200710
20-106-FI,35,M,B,N,592,20200709
20-107-FI,20,M,B,N,557,20200721
20-107-FI,26,M,B,N,557,20200721
20-108-FI,27,M,B,N,557,20200721
20-108-FI,26,M,B,N,557,20200721
20-108-FI,28,M,B,N,557,20200721
20-108-FI,26,M,B,N,557,20200721
20-108-FI,25,M,B,N,557,20200721
20-109-FI,35,M,W,N,592,20200721
20-109-FI,35,F,W,U,592,20200721
20-110-FI,26,M,B,N,559,20200722
20-111-FI,30,F,B,N,559,20200725
20-112-FI,46,F,W,H,535,20200726
20-112-FI,22,F,W,N,535,20200726
20-112-FI,24,M,B,N,535,20200726
20-113-FI,26,M,B,N,592,20200727
20-113-FI,21,M,B,U,592,20200727
20-114-FI,20,M,B,N,592,20200727
20-114-FI,21,M,B,H,592,20200727
20-115-FI,24,F,W,N,557,20210911
20-116-FI,28,M,B,N,443,20200729
20-116-FI,28,M,B,N,443,20200729
20-116-FI,36,M,B,N,443,20200729
20-116-FI,18,M,B,U,443,20200729
20-117-FI,27,M,B,N,479,20200731
20-122-FI,57,F,B,N,535,20200814
20-122-FI,27,M,B,N,535,20200814
20-118-FI,51,M,W,H,535,20200807
20-118-FI,23,M,B,N,535,20200807
20-118-FI,21,M,B,N,535,20200807
20-119-FI,18,M,B,N,621,20200806
20-119-FI,25,M,B,N,621,20200806
20-119-FI,19,M,B,N,621,20200806
20-121-FI,24,F,W,N,387,20210911
20-121-FI,21,M,B,N,387,20200806
20-123-FI,38,F,B,N,592,20200817
20-123-FI,37,M,B,N,592,20200817
20-124-FI,24,M,B,N,535,20200831
20-124-FI,53,M,W,H,535,20200831
20-125-FI,23,M,B,N,621,20200827
20-126-FI,31,M,B,N,589,20200831
20-127-FI,37,M,W,N,548,20200903
20-129-FI,53,M,B,N,535,20200910
20-129-FI,25,F,B,N,535,20200910
20-129-FI,19,F,W,N,535,20200910
20-131-FI,25,M,B,N,557,20200908
20-133-FI,17,M,B,N,592,20200909
20-133-FI,20,M,W,H,592,20200909
20-133-FI,33,M,W,H,592,20200909
20-134-FI,23,M,B,N,548,20200910
20-134-FI,24,M,W,N,548,20200910
20-134-FI,24,M,B,N,548,20200910
20-135-FI,25,M,B,N,548,20200910
20-137-FI,18,M,B,N,592,20200916
20-137-FI,25,M,B,N,592,20200916
20-138-FI,20,M,B,N,555,20200916
20-138-FI,20,M,B,N,555,20200916
20-139-FI,23,M,B,N,569,20200919
20-142-FI,32,M,B,N,592,20200922
20-142-FI,28,F,B,N,592,20200922
20-143-FI,40,M,B,N,559,20200923
20-144-FI,30,F,B,U,559,20200923
20-144-FI,33,M,B,U,559,20200923
20-145-FI,25,M,B,N,492,20200923
20-146-FI,25,M,B,N,557,20200923
20-146-FI,21,F,B,N,557,20200923
20-146-FI,28,M,B,N,557,20200924
20-146-FI,27,M,B,N,557,20200924
20-147-FI,16,M,B,N,557,20210830
20-147-FI,13,M,B,N,557,20200930
20-147-FI,18,M,B,N,557,20200930
20-148-FI,15,F,B,N,475,20201002
20-148-FI,13,F,W,N,475,20201002
20-148-FI,18,M,W,N,475,20201002
20-149-FI,23,M,B,N,492,20201004
20-149-FI,23,M,B,U,492,20201004
20-151-FI,33,M,W,N,535,20201006
20-151-FI,00,U,U,U,535,20201006
20-152-FI,25,M,B,N,535,20201018
20-152-FI,38,M,B,N,535,20201018
20-152-FI,44,F,B,N,535,20201018
20-154-FI,27,M,B,N,587,20201021
20-154-FI,25,M,B,N,587,20201021
20-154-FI,25,M,B,N,587,20201021
20-155-FI,25,M,B,N,621,20201027
20-156-FI,22,M,W,N,569,20201029
20-156-FI,20,M,B,N,569,20201029
20-157-FI,20,M,B,N,555,20201030
20-157-FI,16,M,B,N,555,20210830
20-157-FI,19,M,B,U,555,20201030
20-158-FI,37,M,B,N,592,20201031
20-158-FI,29,F,W,N,592,20201031
20-159-FI,25,M,B,N,559,20201103
20-159-FI,22,M,B,N,559,20201103
20-161-FI,21,M,B,N,587,20201106
20-161-FI,21,F,B,N,587,20201106
20-161-FI,21,F,B,N,587,20201106
20-161-FI,21,M,B,N,587,20201106
20-163-FI,43,M,W,H,350,20201106
20-164-FI,36,M,W,N,350,20201106
20-165-FI,25,M,B,N,350,20201106
20-165-FI,87,F,W,N,350,20201106
20-166-FI,35,F,W,N,350,20201106
20-167-FI,45,M,W,N,350,20201106
20-167-FI,53,F,W,N,350,20201106
20-167-FI,27,M,B,N,350,20201106
20-168-FI,44,M,B,N,350,20201106
20-168-FI,31,F,W,N,350,20201106
20-168-FI,24,F,W,N,350,20201106
20-169-FI,52,F,W,N,350,20201106
20-162-FI,24,M,B,N,535,20201111
20-162-FI,27,F,B,N,535,20201111
20-162-FI,00,U,U,U,535,20201111
20-170-FI,40,M,B,N,592,20201112
20-170-FI,24,F,B,U,592,20201112
20-171-FI,39,M,B,N,557,20201113
20-171-FI,33,M,B,N,557,20201113
20-171-FI,21,M,B,H,557,20201113
20-174-FI,43,M,W,N,536,20201119
20-175-FI,24,M,B,N,443,20201119
20-176-FI,35,M,W,H,415,20201119
20-176-FI,37,F,W,N,415,20201119
20-177-FI,27,M,B,N,557,20201122
20-177-FI,29,M,B,N,557,20201122
20-178-FI,21,M,B,N,559,20210408
20-178-FI,22,M,B,N,559,20210408
20-179-FI,36,M,B,N,387,20201124
20-180-FI,25,M,B,U,592,20210210
20-180-FI,20,M,W,N,592,20201130
20-181-FI,26,M,B,N,626,20201129
20-181-FI,23,M,B,N,626,20201129
20-181-FI,23,M,B,N,626,20201129
20-181-FI,26,M,B,N,626,20201129
20-182-FI,20,M,W,N,557,20201129
20-182-FI,33,M,B,H,557,20201129
20-182-FI,25,M,B,N,557,20201205
20-182-FI,26,M,B,N,557,20201205
20-182-FI,22,M,B,N,557,20201205
20-183-FI,30,M,W,N,592,20201201
20-184-FI,40,M,B,N,592,20201201
20-184-FI,34,M,W,H,592,20201201
20-185-FI,25,M,B,N,535,20201205
20-185-FI,24,M,B,N,535,20201205
20-185-FI,00,U,U,N,535,20201205
20-185-FI,27,F,B,N,535,20201216
20-187-FI,25,M,B,N,592,20201207
20-187-FI,31,F,B,N,592,20201207
20-188-FI,21,M,B,N,557,20201210
20-188-FI,20,M,B,N,557,20201210
20-188-FI,20,M,B,N,557,20201210
20-188-FI,24,M,B,H,557,20201210
20-191-FI,21,M,W,N,535,20201221
20-191-FI,00,U,U,N,535,20201221
20-191-FI,27,M,B,N,535,20201223
20-191-FI,20,M,B,H,535,20201223
20-189-FI,18,M,B,N,535,20201218
20-189-FI,16,F,W,H,535,20201221
20-189-FI,32,F,B,N,535,20201221
20-190-FI,17,M,B,N,532,20201221
20-192-FI,34,M,B,U,559,20201223
20-193-FI,24,M,B,N,557,20201225
20-194-FI,25,F,B,N,569,20201231
20-194-FI,23,M,B,N,569,20201231
20-194-FI,22,M,B,N,569,20201231
20-194-FI,25,M,B,N,569,20201231
21-1-FI,20,M,B,N,479,20210109
21-2-FI,24,M,B,N,555,20210114
21-2-FI,24,M,B,N,555,20210114
21-3-FI,25,M,B,N,592,20210114
21-3-FI,29,M,B,U,592,20210117
21-5-FI,21,M,B,N,407,20210119
21-5-FI,22,M,B,N,407,20210119
21-5-FI,27,F,B,N,407,20210119
21-4-FI,24,M,B,N,551,20210118
21-4-FI,21,M,B,N,551,20210118
21-6-FI,28,M,U,U,592,20210119
21-6-FI,25,M,U,U,592,20210131
21-7-FI,20,M,B,H,592,20210120
21-7-FI,23,M,W,N,592,20210120
21-7-FI,23,M,B,N,592,20210120
21-8-FI,19,M,B,N,563,20210127
21-8-FI,18,M,B,N,563,20210127
21-9-FI,24,M,B,U,592,20210129
21-9-FI,32,M,B,N,592,20210129
21-9-FI,21,M,B,N,592,20210129
21-9-FI,19,M,B,U,592,20210129
21-10-FI,24,M,B,N,621,20210130
21-10-FI,34,M,B,N,621,20210130
21-10-FI,30,M,B,N,621,20210130
21-10-FI,40,M,B,H,621,20210130
21-10-FI,30,F,B,N,621,20210130
21-11-FI,24,M,B,N,621,20210202
21-11-FI,24,M,B,N,621,20210202
21-12-FI,25,M,B,N,559,20210210
21-12-FI,22,M,B,N,559,20210210
21-13-FI,28,M,B,N,559,20210205
21-14-FI,25,M,B,N,389,20210205
21-15-FI,23,M,B,N,559,20210210
21-15-FI,24,M,B,N,559,20210210
21-15-FI,28,M,B,H,559,20210210
21-16-FI,27,M,B,N,621,20210211
21-16-FI,20,M,B,H,621,20210211
21-17-FI,27,F,W,N,548,20210214
21-17-FI,63,F,W,N,548,20210214
21-17-FI,29,M,B,N,548,20210214
21-19-FI,29,M,B,N,389,20210217
21-19-FI,55,M,B,N,389,20210217
21-20-FI,24,M,B,N,548,20210224
21-20-FI,32,F,W,N,548,20210224
21-22-FI,23,M,B,N,559,20210228
21-22-FI,23,M,B,N,559,20210228
21-22-FI,20,M,W,N,559,20210228
21-22-FI,22,M,B,N,559,20210228
21-24-FI,27,M,B,N,587,20210302
21-24-FI,21,M,B,N,587,20210302
21-24-FI,24,M,B,N,587,20210302
21-25-FI,38,M,W,N,587,20210302
21-25-FI,32,M,W,N,587,20210302
21-26-FI,28,M,B,N,621,20210301
21-26-FI,31,M,B,H,621,20210301
21-26-FI,30,M,B,N,621,20210301
21-28-FI,24,M,B,N,559,20210305
21-28-FI,25,M,B,N,559,20210305
21-28-FI,22,M,B,N,559,20210305
21-29-FI,18,M,W,H,609,20210310
21-29-FI,16,M,B,N,609,20210310
21-29-FI,16,M,B,N,609,20210310
21-30-FI,24,M,B,N,557,20210328
21-30-FI,23,M,B,H,557,20210328
21-31-FI,55,M,W,H,586,20210401
21-32-FI,28,M,B,N,592,20210408
21-32-FI,22,M,B,N,592,20210408
21-32-FI,22,M,B,N,592,20210408
21-33-FI,30,M,B,N,569,20210415
21-33-FI,32,M,B,N,569,20210415
21-34-FI,27,F,B,H,557,20210428
21-34-FI,26,M,B,N,557,20210429
21-35-FI,20,M,B,N,559,20210428
21-37-FI,34,F,B,N,548,20210918
21-37-FI,36,F,W,H,548,20210918
21-37-FI,71,F,W,H,548,20210918
21-36-FI,21,M,B,N,557,20210501
21-38-FI,38,M,W,N,563,20210503
21-39-FI,26,M,B,N,535,20210505
21-39-FI,26,F,W,H,535,20210505
21-40-FI,25,F,B,N,557,20210511
21-40-FI,19,M,B,N,557,20210511
21-40-FI,21,M,B,N,557,20210512
21-41-FI,28,M,B,N,592,20210512
21-42-FI,23,M,P,H,621,20210525
21-42-FI,25,M,W,N,621,20210525
21-43-FI,54,M,W,N,506,20210614
21-45-FI,28,M,B,N,592,20210630
21-46-FI,31,M,B,N,389,20210701
21-47-FI,19,M,U,U,592,20210702
21-47-FI,20,M,U,U,592,20210702
21-47-FI,20,F,W,N,592,20210702
21-47-FI,26,F,B,N,592,20210702
21-50-FI,30,M,B,N,621,20210726
21-50-FI,24,M,B,N,621,20210726
21-51-FI,38,F,B,N,548,20210731
21-51-FI,46,M,B,N,548,20210731
21-51-FI,31,F,W,N,548,20210731
21-52-FI,41,M,W,N,548,20210731
21-52-FI,29,M,W,N,548,20210731
21-53-FI,23,M,B,N,621,20210802
21-54-FI,33,M,W,N,548,20210824
21-54-FI,65,F,W,N,548,20210824
21-55-FI,17,M,B,N,548,20210824
21-55-FI,19,M,B,N,548,20210824
21-55-FI,22,M,B,N,548,20210824
21-55-FI,23,F,B,N,548,20210824
21-55-FI,26,M,W,H,548,20210923
21-55-FI,25,M,B,N,548,20210910
21-57-FI,25,M,W,N,563,20210908
21-58-FI,18,F,B,N,492,20210915
21-58-FI,24,M,B,U,492,20210912
21-58-FI,28,M,B,N,492,20210912
21-58-FI,25,F,B,N,492,20210912
21-58-FI,24,M,B,N,492,20210912
21-58-FI,17,M,B,N,492,20210912
21-60-FI,26,F,B,N,348,20210913
21-61-FI,17,M,B,N,592,20211017
21-61-FI,28,M,B,N,592,20210917
21-61-FI,20,M,W,N,592,20210917
21-63-FI,17,M,B,N,557,20211017
21-63-FI,20,M,W,N,557,20210926
21-63-FI,19,M,W,H,557,20210926
21-63-FI,19,M,B,N,557,20210926
21-64-FI,40,M,B,N,641,20210929
21-64-FI,51,M,B,N,641,20210929
21-64-FI,46,M,B,N,641,20210929
21-65-FI,21,F,W,H,587,20210930
21-65-FI,27,M,B,N,587,20210930
21-65-FI,31,M,B,N,587,20210930
21-66-FI,31,M,B,N,557,20211002
21-66-FI,31,M,B,N,557,20211002
21-67-FI,28,M,B,N,592,20211008
21-67-FI,24,M,B,N,592,20211008
21-69-FI,22,M,W,H,563,20211018
21-69-FI,45,F,B,N,563,20211018
21-71-FI,18,M,B,N,557,20211208
21-71-FI,19,M,B,N,557,20220107
21-71-FI,18,M,B,N,557,20211209
21-72-FI,19,M,B,N,557,20211030
21-72-FI,18,M,B,N,557,20211030
21-72-FI,18,M,B,N,557,20211030
21-72-FI,16,M,B,N,557,20211030
21-72-FI,19,M,B,N,557,20211030
21-72-FI,17,M,B,N,557,20211030
21-72-FI,37,F,B,N,557,20211031
21-73-FI,39,M,B,N,592,20211101
21-74-FI,18,M,B,N,387,20211108
21-74-FI,17,M,B,N,387,20211108
21-74-FI,18,M,B,N,387,20211108
21-74-FI,16,M,B,N,387,20211108
21-77-FI,18,M,W,H,557,20211113
21-77-FI,19,M,B,N,557,20211113
21-77-FI,17,M,B,N,557,20211113
21-77-FI,16,M,B,N,557,20211113
21-77-FI,17,M,B,N,557,20211113
21-76-FI,24,M,B,N,557,20211112
21-76-FI,23,M,B,N,557,20211112
21-76-FI,24,M,B,N,557,20211112
21-78-FI,24,M,W,H,548,20211111
21-79-FI,27,M,B,U,311,20211115
21-80-FI,52,M,W,N,592,20211121
21-80-FI,21,M,B,N,592,20211121
21-80-FI,21,M,B,N,592,20211121
21-81-FI,36,M,B,N,633,20211124
21-81-FI,23,M,B,N,633,20211124
21-82-FI,57,M,W,N,548,20211128
21-83-FI,52,M,W,H,533,20211206
21-84-FI,54,M,W,N,634,20211206
21-86-FI,20,F,B,U,592,20211212
21-86-FI,25,M,B,N,592,20211212
21-88-FI,31,M,B,H,634,20211226
21-89-FI,32,M,B,N,634,20211229
22-1-FI,21,M,B,N,592,20220110
22-1-FI,21,M,B,U,592,20220110
22-2-FI,20,M,B,N,634,20220110
22-5-FI,18,M,B,N,592,20220118
22-5-FI,19,M,B,N,592,20220118
22-3-FI,29,M,B,U,592,20220113
22-6-FI,22,M,B,N,621,20220120
22-7-FI,28,M,B,N,634,20220123
22-8-FI,35,M,B,N,331,20220128
22-8-FI,37,M,B,N,331,20220128
22-9-FI,25,M,B,N,634,20220130
22-9-FI,36,F,B,N,634,20220130
22-9-FI,34,M,B,N,634,20220130
22-9-FI,25,M,B,N,634,20220130
22-10-FI,21,M,B,N,592,20220131
22-11-FI,42,M,W,N,548,20220206
22-12-FI,27,M,B,N,621,20220202
22-13-FI,32,M,B,N,634,20220205
22-13-FI,25,M,B,N,634,20220205
22-14-FI,22,M,B,N,621,20220206
22-14-FI,29,M,B,N,621,20220206
22-14-FI,38,M,B,N,621,20220206
22-15-FI,22,M,B,N,587,20220206
22-15-FI,23,M,B,N,587,20220206
22-15-FI,25,M,B,N,587,20220206
22-15-FI,17,M,B,N,587,20220206
22-17-FI,15,M,B,N,634,20220212
22-17-FI,24,M,B,N,634,20220212
22-17-FI,40,M,B,N,634,20220212
