FieldNum,GangRelatedYN,CreatedDate,CreatedTime,CreatedID
16-3-FI,N,20160112,0836,535
16-1-FI,N,20160109,0924,483
16-2-FI,N,20160111,1541,548
16-4-FI,N,20160114,1703,535
16-5-FI,Y,20160118,2249,407
16-115-FI,N,20161231,0807,548
16-7-FI,Y,20160202,1945,503
16-6-FI,N,20160202,1928,443
16-8-FI,N,20160204,0947,558
16-9-FI,Y,20160212,1430,563
16-10-FI,N,20160212,2122,347
16-11-FI,N,20160212,2129,347
16-12-FI,Y,20160217,1432,548
16-13-FI,N,20160224,1421,535
16-14-FI,N,20160226,0047,547
16-16-FI,N,20160229,0835,535
16-17-FI,Y,20160302,1500,507
16-19-FI,N,20160308,1048,535
16-18-FI,N,20160308,0917,535
16-20-FI,N,20160324,1013,548
16-21-FI,N,20160325,0316,559
16-23-FI,Y,20160405,1920,407
16-22-FI,N,20160327,1333,517
16-24-FI,Y,20160406,0201,503
16-25-FI,N,20160408,1539,517
16-26-FI,N,20160415,1602,548
16-27-FI,Y,20160418,1919,503
16-28-FI,N,20160422,0844,535
16-29-FI,Y,20160424,1937,503
16-30-FI,N,20160502,2139,316
16-31-FI,N,20160518,2137,513
16-32-FI,Y,20160519,1435,535
16-33-FI,N,20160519,1904,316
16-35-FI,N,20160522,1132,314
16-34-FI,N,20160520,1313,548
16-36-FI,N,20160523,1020,509
16-37-FI,N,20160527,0841,548
16-38-FI,N,20160529,0005,462
16-41-FI,N,20160607,1608,407
16-39-FI,N,20160604,1027,535
16-40-FI,N,20160604,1142,548
16-42-FI,N,20160616,1425,535
16-43-FI,N,20160622,2147,332
16-44-FI,N,20160624,1157,389
16-45-FI,N,20160629,0213,533
16-46-FI,N,20160702,0009,442
16-47-FI,N,20160702,2156,365
16-48-FI,N,20160704,1152,548
16-49-FI,Y,20160707,1238,548
16-50-FI,N,20160717,1641,479
16-51-FI,Y,20160719,1859,400
16-52-FI,N,20160719,1920,400
16-53-FI,Y,20160801,1325,548
16-54-FI,N,20160802,1320,292
16-55-FI,Y,20160803,1428,499
16-56-FI,N,20160809,1936,407
16-57-FI,N,20160810,2104,479
16-58-FI,N,20160813,1226,541
16-59-FI,N,20160817,0041,562
16-60-FI,Y,20160825,0000,503
16-61-FI,Y,20160826,0832,535
16-62-FI,N,20160826,1850,548
16-63-FI,Y,20160828,0017,503
16-64-FI,N,20160902,2246,441
16-65-FI,,20160905,1454,541
17-55-FI,N,20170409,1121,548
16-66-FI,N,20160910,1942,407
16-67-FI,N,20160917,1511,548
16-68-FI,N,20160919,2258,479
16-69-FI,Y,20160922,0830,535
16-72-FI,N,20160927,2325,443
16-70-FI,N,20160927,0415,559
16-71-FI,N,20160927,2233,430
16-73-FI,N,20161001,1552,548
16-75-FI,Y,20161002,1733,548
16-74-FI,N,20161002,0613,483
16-76-FI,N,20161005,1642,548
16-77-FI,N,20161005,2112,468
16-78-FI,N,20161020,0743,389
16-79-FI,N,20161020,0803,548
16-80-FI,Y,20161020,1416,548
16-81-FI,N,20161021,0003,462
16-82-FI,N,20161022,0903,535
16-88-FI,N,20161030,0909,548
16-83-FI,N,20161023,1950,468
16-84-FI,N,20161024,1853,446
16-85-FI,Y,20161026,1624,535
16-86-FI,Y,20161028,0830,535
16-87-FI,Y,20161030,0009,503
16-89-FI,Y,20161102,1450,507
16-92-FI,Y,20161111,1611,536
16-90-FI,,20161107,2220,441
16-91-FI,N,20161109,2301,468
16-93-FI,N,20161116,0129,562
16-94-FI,N,20161116,0159,562
16-95-FI,N,20161116,0211,443
16-96-FI,N,20161117,1201,548
16-97-FI,N,20161117,2313,479
16-98-FI,N,20161118,2259,543
16-99-FI,N,20161126,1217,499
16-100-FI,N,20161127,0916,535
16-101-FI,N,20161201,2056,499
16-102-FI,N,20161204,2251,531
16-106-FI,N,20161224,1133,544
16-103-FI,Y,20161213,1825,407
16-104-FI,Y,20161213,2340,407
16-105-FI,N,20161224,0959,548
16-107-FI,N,20161225,1544,548
16-108-FI,N,20161226,0839,535
16-109-FI,N,20161227,0153,442
16-110-FI,N,20161227,1100,552
16-111-FI,N,20161228,1118,548
16-112-FI,N,20161228,1121,577
16-113-FI,N,20161230,1435,544
16-114-FI,,20161230,1848,536
16-116-FI,N,20161231,1215,544
16-117-FI,N,20161231,1647,407
17-1-FI,N,20170102,2215,430
17-2-FI,Y,20170104,0119,503
17-3-FI,N,20170108,2027,557
17-4-FI,N,20170111,2211,311
17-5-FI,N,20170112,1255,548
17-6-FI,,20170112,2243,407
17-7-FI,N,20170116,1302,548
17-8-FI,Y,20170118,1233,548
17-9-FI,N,20170118,2301,347
17-10-FI,N,20170119,1823,446
17-11-FI,N,20170123,0808,389
17-12-FI,Y,20170123,1458,535
17-13-FI,N,20170124,1452,535
17-14-FI,N,20170124,1846,548
17-15-FI,N,20170125,0959,535
17-16-FI,N,20170126,0916,535
17-17-FI,N,20170126,0939,340
17-18-FI,N,20170131,1509,535
17-19-FI,N,20170202,1940,531
17-20-FI,N,20170204,1040,548
17-21-FI,,20170206,2008,407
17-22-FI,N,20170211,1334,548
17-30-FI,N,20170223,1250,548
17-23-FI,N,20170215,1249,573
17-24-FI,N,20170216,1553,548
17-25-FI,N,20170218,0853,535
17-26-FI,N,20170218,1530,544
17-27-FI,N,20170221,2217,479
17-28-FI,N,20170222,0818,535
17-29-FI,N,20170222,1715,535
17-31-FI,N,20170225,1133,535
17-32-FI,N,20170228,1249,535
17-33-FI,N,20170228,1536,282
17-34-FI,N,20170302,1701,479
17-35-FI,N,20170302,1715,479
17-37-FI,N,20170304,2200,503
17-36-FI,N,20170304,1719,548
17-38-FI,N,20170307,0855,571
17-39-FI,N,20170310,1157,574
17-42-FI,N,20170312,1034,548
17-40-FI,N,20170311,1349,548
17-41-FI,N,20170311,2122,479
17-43-FI,N,20170313,1350,544
17-44-FI,N,20170315,1611,557
17-45-FI,N,20170318,0941,314
17-46-FI,N,20170319,1618,535
17-47-FI,N,20170323,1121,548
17-48-FI,N,20170324,2329,479
17-49-FI,Y,20170327,2121,400
17-50-FI,Y,20170328,1254,548
17-51-FI,Y,20170330,1254,507
17-52-FI,N,20170404,1423,548
17-53-FI,N,20170406,1629,479
17-54-FI,N,20170406,1658,479
17-56-FI,N,20170410,1417,456
17-61-FI,N,20170426,0926,482
17-57-FI,Y,20170414,2134,569
17-58-FI,Y,20170415,1948,400
17-59-FI,N,20170423,0743,544
17-60-FI,N,20170423,1135,548
17-62-FI,N,20170426,1726,446
17-63-FI,N,20170427,1416,548
17-64-FI,N,20170430,1048,505
17-65-FI,N,20170430,1251,571
17-66-FI,N,20170504,1401,548
17-67-FI,N,20170504,1422,548
17-68-FI,N,20170504,1802,446
17-69-FI,N,20170505,1642,548
17-70-FI,N,20170506,1553,548
17-73-FI,N,20170512,0844,535
17-71-FI,N,20170510,0959,548
17-72-FI,Y,20170511,1049,548
17-74-FI,N,20170513,1141,535
17-75-FI,N,20170516,1759,548
17-76-FI,N,20170521,1526,549
17-77-FI,Y,20170521,1702,548
17-78-FI,N,20170522,1711,548
17-81-FI,Y,20170524,1618,407
17-79-FI,Y,20170524,1145,548
17-80-FI,Y,20170524,1531,548
17-82-FI,N,20170525,1035,535
17-83-FI,Y,20170531,1251,535
17-85-FI,N,20170605,1350,535
17-84-FI,N,20170603,2252,548
17-86-FI,N,20170614,0212,443
17-87-FI,N,20170614,1436,548
17-88-FI,N,20170616,2330,493
17-94-FI,N,20170621,0824,482
17-89-FI,N,20170617,1342,548
17-90-FI,Y,20170619,0048,503
17-91-FI,N,20170619,1610,535
17-92-FI,N,20170620,1650,407
17-93-FI,N,20170620,2312,446
17-95-FI,N,20170621,0849,482
17-96-FI,N,20170621,1031,548
17-97-FI,N,20170622,1059,544
17-98-FI,N,20170623,2248,548
17-99-FI,N,20170624,1831,407
17-100-FI,N,20170625,0020,548
17-105-FI,N,20170630,1025,535
17-101-FI,Y,20170628,1405,548
17-102-FI,N,20170629,0816,544
17-103-FI,,20170629,1058,548
17-104-FI,N,20170629,1059,548
17-106-FI,,20170704,0833,548
17-107-FI,,20170704,0835,548
17-108-FI,N,20170704,0836,548
17-109-FI,N,20170705,0817,535
17-110-FI,N,20170707,0821,535
17-111-FI,N,20170707,1636,535
17-112-FI,N,20170707,2350,557
17-113-FI,Y,20170708,1442,548
17-114-FI,N,20170709,0829,544
17-115-FI,N,20170710,1354,548
17-116-FI,,20170710,1522,548
17-117-FI,,20170710,1537,548
17-118-FI,N,20170710,1537,548
17-119-FI,N,20170713,1349,535
17-121-FI,Y,20170715,1219,544
17-120-FI,N,20170714,0218,531
17-122-FI,Y,20170715,1913,468
17-123-FI,N,20170716,0341,548
17-124-FI,Y,20170716,2249,503
17-125-FI,N,20170718,2006,577
17-126-FI,N,20170719,0229,562
17-127-FI,N,20170720,1005,579
17-128-FI,N,20170724,1011,535
17-129-FI,N,20170726,1854,548
17-130-FI,N,20170728,0820,544
17-131-FI,N,20170729,0455,547
17-132-FI,Y,20170801,1744,548
17-133-FI,N,20170802,1012,548
17-134-FI,N,20170809,0750,544
17-135-FI,N,20170810,1608,535
17-136-FI,Y,20170816,1540,544
17-140-FI,N,20170828,1024,548
17-137-FI,Y,20170823,1830,557
17-138-FI,N,20170825,1840,548
17-139-FI,N,20170825,2321,574
17-141-FI,N,20170831,1005,389
17-142-FI,N,20170902,0858,548
17-143-FI,N,20170902,1510,548
17-144-FI,N,20170904,1627,557
17-149-FI,N,20170911,0053,443
17-145-FI,N,20170907,1049,544
17-146-FI,N,20170907,1226,548
17-147-FI,N,20170908,1735,536
17-148-FI,N,20170909,1154,548
17-150-FI,N,20170911,2308,531
17-151-FI,N,20170915,1121,548
17-152-FI,N,20170915,1318,548
17-153-FI,N,20170918,1617,548
17-156-FI,N,20170921,1522,548
17-154-FI,N,20170920,0752,544
17-155-FI,N,20170920,1311,548
17-157-FI,N,20170921,1721,332
17-158-FI,N,20170921,1721,332
17-159-FI,N,20170921,1721,332
17-161-FI,N,20170926,1241,548
17-160-FI,N,20170926,1204,548
17-162-FI,N,20170926,2308,557
17-163-FI,N,20170927,1556,548
17-164-FI,,20170927,1726,332
17-165-FI,,20170927,1726,332
17-166-FI,,20170927,1727,332
17-167-FI,N,20170928,0931,535
17-168-FI,N,20170928,1139,535
17-169-FI,N,20170928,1613,535
17-170-FI,N,20170928,1657,446
17-171-FI,,20170928,1703,400
17-172-FI,N,20170930,1505,548
17-173-FI,N,20171002,1303,535
17-174-FI,N,20171005,1039,507
17-175-FI,N,20171007,1323,544
17-176-FI,N,20171008,1455,544
17-177-FI,N,20171012,1600,281
17-178-FI,N,20171013,1443,548
17-179-FI,N,20171019,1424,389
17-180-FI,N,20171019,2143,531
17-181-FI,N,20171026,0824,535
17-182-FI,Y,20171026,1332,507
17-183-FI,N,20171026,1544,535
17-184-FI,N,20171031,1042,281
17-185-FI,Y,20171031,1143,507
17-186-FI,N,20171101,0854,389
17-187-FI,N,20171101,1505,535
17-188-FI,N,20171102,1111,548
17-189-FI,N,20171102,1521,548
17-190-FI,N,20171102,2341,489
17-191-FI,Y,20171103,2120,531
17-192-FI,,20171110,2203,468
17-196-FI,N,20171116,1305,535
17-193-FI,N,20171112,0859,562
17-194-FI,N,20171112,0936,389
17-195-FI,N,20171115,0950,455
17-198-FI,N,20171117,1234,548
17-199-FI,Y,20171119,1316,535
17-200-FI,N,20171119,1507,548
17-201-FI,N,20171120,1009,544
17-202-FI,N,20171121,1012,544
17-203-FI,N,20171121,1057,535
17-204-FI,N,20171121,1627,535
17-205-FI,N,20171125,1430,535
17-210-FI,Y,20171130,1354,548
17-206-FI,Y,20171127,2312,407
17-207-FI,N,20171129,1413,496
17-208-FI,N,20171129,1509,496
17-209-FI,N,20171129,1525,496
17-211-FI,N,20171203,1651,441
17-212-FI,Y,20171204,1148,496
17-213-FI,N,20171204,1538,496
17-214-FI,N,20171204,1904,446
17-215-FI,N,20171205,1136,496
17-216-FI,N,20171205,1200,496
17-217-FI,N,20171205,1332,416
17-218-FI,N,20171205,1445,496
17-219-FI,,20171205,1945,400
17-220-FI,N,20171206,1045,548
17-221-FI,N,20171206,1102,544
17-222-FI,N,20171206,1216,552
17-223-FI,Y,20171206,1251,548
17-224-FI,N,20171206,1316,456
17-225-FI,N,20171207,1245,328
17-226-FI,N,20171207,1959,389
17-227-FI,N,20171207,2007,389
17-228-FI,N,20171207,2013,348
17-229-FI,N,20171207,2016,372
17-230-FI,N,20171207,2017,348
17-231-FI,N,20171207,2021,334
17-232-FI,N,20171208,0827,544
17-233-FI,N,20171208,1140,461
17-234-FI,N,20171208,1247,509
17-235-FI,N,20171210,1245,463
17-236-FI,N,20171210,1835,415
17-237-FI,N,20171210,1857,503
17-238-FI,N,20171210,2157,316
17-239-FI,N,20171211,1502,496
17-240-FI,Y,20171211,1555,548
17-241-FI,N,20171211,1605,407
17-242-FI,N,20171212,0942,334
17-243-FI,N,20171212,1019,334
17-244-FI,N,20171212,1033,334
17-245-FI,N,20171212,1040,334
17-246-FI,N,20171212,1043,334
17-247-FI,N,20171212,1130,334
17-248-FI,N,20171212,1131,334
17-249-FI,N,20171212,1134,334
17-250-FI,N,20171212,1139,334
17-251-FI,N,20171212,1223,334
17-252-FI,N,20171212,1228,334
17-253-FI,N,20171216,1601,535
17-254-FI,N,20171219,0821,389
17-288-FI,N,20171230,0907,482
17-255-FI,Y,20171222,1223,416
17-256-FI,N,20171222,1233,496
17-257-FI,N,20171222,1308,382
17-258-FI,Y,20171222,1349,446
17-259-FI,Y,20171222,1356,446
17-260-FI,N,20171222,1452,496
17-261-FI,N,20171222,1524,496
17-262-FI,N,20171222,1601,535
17-270-FI,N,20171227,0819,535
17-263-FI,N,20171223,1727,368
17-264-FI,N,20171226,1126,496
17-265-FI,N,20171226,2120,372
17-266-FI,N,20171226,2121,350
17-267-FI,N,20171226,2121,334
17-268-FI,N,20171226,2126,350
17-269-FI,N,20171226,2128,334
17-272-FI,N,20171227,0829,350
17-271-FI,N,20171227,0821,544
17-273-FI,Y,20171227,0941,507
17-274-FI,N,20171227,1154,496
17-275-FI,N,20171227,1205,496
17-276-FI,Y,20171228,0019,415
17-277-FI,N,20171228,1658,446
17-278-FI,N,20171228,2144,405
17-279-FI,N,20171228,2154,350
17-280-FI,N,20171228,2200,334
17-281-FI,N,20171228,2206,380
17-282-FI,N,20171228,2335,503
17-283-FI,N,20171229,0003,503
17-284-FI,N,20171229,0832,334
17-285-FI,N,20171229,1306,496
17-286-FI,N,20171229,1404,416
17-287-FI,N,20171229,1426,496
17-289-FI,N,20171230,1654,347
17-290-FI,N,20171230,1757,544
17-291-FI,Y,20171231,1211,488
18-1-FI,Y,20180112,1041,507
18-2-FI,N,20180117,2331,368
18-3-FI,,20180119,2105,400
18-4-FI,N,20180124,0931,544
18-5-FI,Y,20180126,1436,535
18-6-FI,N,20180130,1526,544
18-7-FI,Y,20180206,2253,441
18-8-FI,N,20180206,2357,441
18-9-FI,Y,20180207,2324,407
18-10-FI,N,20180208,2234,531
18-11-FI,N,20180211,2326,331
18-12-FI,N,20180212,0904,548
18-13-FI,N,20180212,1620,548
18-14-FI,Y,20180216,1412,507
18-15-FI,N,20180217,0812,548
18-16-FI,Y,20180217,1158,548
18-17-FI,Y,20180219,1624,535
18-18-FI,N,20180220,0939,579
18-19-FI,N,20180222,1219,548
18-20-FI,N,20180226,2305,400
18-21-FI,N,20180226,2320,557
18-22-FI,N,20180301,1330,455
18-25-FI,N,20180307,1953,557
18-23-FI,N,20180303,1113,544
18-24-FI,Y,20180304,0850,535
18-26-FI,Y,20180309,0318,503
18-27-FI,N,20180312,1447,389
18-28-FI,N,20180314,0821,548
18-29-FI,Y,20180314,1316,548
18-31-FI,N,20180315,1905,415
18-30-FI,N,20180315,0418,574
18-32-FI,N,20180323,1219,389
18-33-FI,N,20180323,1226,389
18-34-FI,N,20180323,1231,389
18-35-FI,N,20180324,1747,506
18-37-FI,N,20180329,1908,415
18-36-FI,Y,20180329,1000,507
18-38-FI,N,20180330,2009,331
18-39-FI,N,20180330,2346,536
18-40-FI,N,20180331,0923,548
18-41-FI,N,20180402,2223,531
18-42-FI,,20180405,2213,479
18-43-FI,Y,20180408,0842,535
18-44-FI,Y,20180410,1652,503
18-45-FI,Y,20180410,1715,503
18-46-FI,N,20180413,1515,351
18-53-FI,Y,20180422,1329,548
18-47-FI,N,20180414,1717,400
18-48-FI,N,20180414,1801,400
18-49-FI,N,20180415,0915,535
18-50-FI,N,20180415,1528,503
18-51-FI,N,20180415,1550,503
18-52-FI,N,20180417,2324,365
18-54-FI,Y,20180422,1857,407
18-55-FI,Y,20180422,2250,460
18-56-FI,Y,20180427,1408,535
18-57-FI,N,20180430,1227,544
18-58-FI,N,20180504,1149,548
18-59-FI,Y,20180507,0814,544
18-60-FI,N,20180508,2306,496
18-61-FI,N,20180514,1743,496
18-62-FI,N,20180518,2223,557
18-64-FI,N,20180519,1308,548
18-63-FI,Y,20180519,1053,548
18-65-FI,N,20180522,0020,574
18-66-FI,Y,20180523,1226,548
18-67-FI,N,20180525,0758,544
18-68-FI,N,20180530,0040,570
18-69-FI,N,20180531,1401,544
18-71-FI,N,20180605,1307,389
18-72-FI,N,20180612,1214,548
18-73-FI,Y,20180616,1905,548
18-74-FI,,20180617,2030,546
18-75-FI,,20180617,2030,546
18-76-FI,N,20180618,1219,548
18-77-FI,N,20180621,0901,552
18-79-FI,N,20180626,2309,443
18-80-FI,Y,20180627,1843,531
18-81-FI,Y,20180627,1951,407
18-82-FI,N,20180629,1220,548
18-83-FI,N,20180629,1729,548
18-84-FI,,20180701,0112,462
18-85-FI,N,20180701,1119,535
18-86-FI,Y,20180702,1714,407
18-87-FI,N,20180703,1201,543
18-88-FI,N,20180713,1817,557
18-89-FI,N,20180716,1159,548
18-90-FI,,20180722,2219,569
18-93-FI,N,20180727,1120,548
18-91-FI,N,20180723,1628,535
18-92-FI,Y,20180726,1527,507
18-94-FI,N,20180805,1051,577
18-95-FI,N,20180807,0221,576
18-96-FI,N,20180810,1625,535
18-97-FI,N,20180811,1327,588
18-98-FI,N,20180815,2331,548
18-99-FI,N,20180816,1116,535
18-100-FI,N,20180820,1338,389
18-101-FI,N,20180820,1839,594
18-102-FI,,20180821,1133,522
18-103-FI,Y,20180821,1139,577
18-104-FI,N,20180824,0222,559
18-105-FI,N,20180830,1635,535
18-108-FI,N,20180901,1116,548
18-106-FI,,20180831,1146,387
18-107-FI,N,20180901,1006,548
18-109-FI,N,20180903,1025,548
18-110-FI,N,20180909,1021,592
18-111-FI,N,20180921,1008,592
18-116-FI,N,20180928,1544,557
18-112-FI,N,20180925,1430,548
18-113-FI,N,20180925,1526,548
18-114-FI,N,20180927,1028,577
18-115-FI,Y,20180928,0153,557
18-117-FI,N,20180929,1518,557
18-118-FI,Y,20180929,1611,407
18-119-FI,N,20180929,2227,400
18-120-FI,N,20181002,2338,531
18-121-FI,N,20181003,1338,548
18-122-FI,N,20181004,1050,548
18-125-FI,N,20181008,1002,548
18-123-FI,Y,20181007,1152,548
18-124-FI,Y,20181007,1248,548
18-126-FI,N,20181014,1009,548
18-127-FI,Y,20181015,1042,535
18-128-FI,N,20181018,2007,506
18-129-FI,N,20181021,0939,592
18-130-FI,N,20181021,1534,548
18-131-FI,N,20181026,0316,375
18-132-FI,Y,20181029,0852,535
18-133-FI,N,20181029,0853,535
18-134-FI,Y,20181105,1306,506
18-135-FI,N,20181105,1446,506
18-136-FI,N,20181105,2233,506
18-138-FI,N,20181107,0114,592
18-139-FI,N,20181107,0116,592
18-137-FI,N,20181107,0022,506
18-140-FI,N,20181107,1344,506
18-141-FI,Y,20181107,1436,506
18-142-FI,N,20181107,1512,506
18-143-FI,N,20181111,1126,535
18-144-FI,Y,20181111,2143,506
18-145-FI,Y,20181112,1429,506
18-146-FI,N,20181113,1543,544
18-147-FI,Y,20181119,1418,503
18-148-FI,N,20181121,0134,586
18-149-FI,N,20181121,1418,548
18-150-FI,N,20181124,0845,548
18-151-FI,N,20181124,1445,548
18-152-FI,N,20181126,0806,544
18-154-FI,N,20181202,1326,553
18-155-FI,N,20181203,2048,506
18-153-FI,N,20181202,0808,548
18-156-FI,N,20181204,1335,506
18-157-FI,N,20181205,2224,506
18-158-FI,N,20181206,0207,506
18-159-FI,N,20181206,1452,506
18-160-FI,N,20181208,1217,548
18-161-FI,N,20181208,1609,544
18-162-FI,N,20181210,1242,506
18-163-FI,N,20181211,1622,506
18-164-FI,N,20181211,1637,506
18-165-FI,N,20181214,1339,506
18-166-FI,N,20181214,1447,506
18-167-FI,Y,20181220,1135,535
18-168-FI,Y,20181227,0928,507
18-169-FI,N,20181227,1628,506
18-170-FI,N,20181228,2304,506
18-171-FI,N,20181230,2315,506
19-6-FI,N,20190105,1450,587
19-1-FI,N,20190103,1305,535
19-2-FI,N,20190104,0929,482
19-3-FI,N,20190104,0947,535
19-4-FI,,20190104,1858,496
19-7-FI,N,20190106,0119,592
19-5-FI,N,20190105,1119,548
19-8-FI,N,20190107,0219,592
19-9-FI,N,20190108,0110,557
19-10-FI,N,20190109,0642,592
19-11-FI,Y,20190109,1032,548
19-12-FI,Y,20190111,0151,506
19-13-FI,Y,20190112,0015,506
19-14-FI,N,20190112,0940,573
19-15-FI,N,20190113,1445,389
19-16-FI,N,20190114,1538,557
19-17-FI,N,20190115,1552,535
19-18-FI,Y,20190116,2136,506
19-19-FI,N,20190119,0748,586
19-20-FI,N,20190121,0412,592
19-21-FI,N,20190122,2236,557
19-22-FI,N,20190123,0839,389
19-24-FI,N,20190125,1812,317
19-25-FI,N,20190125,2226,591
19-26-FI,Y,20190128,2131,407
19-27-FI,N,20190206,0249,586
19-28-FI,N,20190206,1855,557
19-29-FI,N,20190211,0814,548
19-30-FI,N,20190212,0332,586
19-31-FI,N,20190212,1526,535
19-32-FI,N,20190214,1519,535
19-33-FI,N,20190214,1850,557
19-34-FI,N,20190220,0121,443
19-35-FI,N,20190220,0317,586
19-36-FI,N,20190228,1537,548
19-37-FI,N,20190303,0334,592
19-38-FI,N,20190303,1024,535
19-39-FI,N,20190303,1026,535
19-40-FI,N,20190306,1516,548
19-41-FI,N,20190306,2233,506
19-42-FI,N,20190308,0821,544
19-43-FI,N,20190308,1044,544
19-44-FI,N,20190309,0309,586
19-45-FI,N,20190309,2243,506
19-46-FI,N,20190311,2308,506
19-48-FI,Y,20190314,1629,479
19-47-FI,N,20190314,1515,548
19-49-FI,N,20190318,2124,506
19-50-FI,N,20190318,2229,506
19-51-FI,N,20190324,1317,548
19-52-FI,N,20190326,0027,592
19-54-FI,N,20190328,1213,548
19-53-FI,Y,20190328,1038,535
19-55-FI,N,20190330,1518,548
19-56-FI,,20190405,2248,496
19-61-FI,N,20190420,1517,535
19-57-FI,N,20190409,1455,535
19-58-FI,N,20190410,2331,559
19-59-FI,N,20190416,2244,557
19-60-FI,N,20190419,0914,548
19-62-FI,N,20190424,1436,553
19-63-FI,N,20190426,0855,563
19-64-FI,N,20190426,1839,496
19-65-FI,Y,20190426,2224,496
19-66-FI,N,20190427,2050,506
19-67-FI,N,20190428,0616,586
19-68-FI,,20190429,1949,562
19-69-FI,N,20190502,1323,608
19-75-FI,Y,20190520,1506,535
19-70-FI,N,20190510,1929,557
19-71-FI,N,20190510,2215,597
19-72-FI,Y,20190514,2103,506
19-73-FI,N,20190516,0012,586
19-74-FI,N,20190516,2202,506
19-76-FI,N,20190524,1429,548
19-77-FI,N,20190526,1323,548
19-78-FI,N,20190527,2315,506
19-79-FI,N,20190528,2157,506
19-80-FI,Y,20190529,2226,506
19-81-FI,N,20190602,0353,592
19-82-FI,N,20190614,0827,544
19-83-FI,N,20190616,0212,585
19-92-FI,N,20190621,1544,557
19-84-FI,N,20190619,0258,592
19-85-FI,N,20190619,2327,547
19-86-FI,,20190620,1648,454
19-87-FI,N,20190620,1813,506
19-88-FI,N,20190620,1823,332
19-89-FI,N,20190620,1903,506
19-90-FI,N,20190620,2010,506
19-91-FI,N,20190620,2343,559
19-93-FI,N,20190624,1456,548
19-94-FI,N,20190625,1533,548
19-95-FI,,20190625,2045,400
19-96-FI,Y,20190628,2143,506
19-97-FI,N,20190702,2152,506
19-98-FI,N,20190703,0503,592
19-99-FI,N,20190706,1503,548
19-100-FI,N,20190707,1401,548
19-101-FI,N,20190707,2331,506
19-102-FI,,20190709,2046,506
19-103-FI,N,20190710,2215,506
19-104-FI,N,20190712,1003,389
19-105-FI,N,20190713,1308,548
19-106-FI,N,20190713,2259,557
19-107-FI,N,20190715,1124,548
19-108-FI,N,20190715,1445,317
19-109-FI,N,20190718,0420,587
19-110-FI,N,20190718,1523,532
19-111-FI,N,20190721,1640,496
19-112-FI,Y,20190721,2008,559
19-113-FI,N,20190721,2219,503
19-114-FI,N,20190726,2241,506
19-115-FI,N,20190727,0213,559
19-119-FI,N,20190731,1849,506
19-116-FI,N,20190731,1356,535
19-117-FI,N,20190731,1507,535
19-118-FI,N,20190731,1714,506
19-120-FI,N,20190731,1911,506
19-121-FI,Y,20190802,2007,548
19-122-FI,N,20190803,0517,557
19-123-FI,N,20190806,1709,496
19-124-FI,,20190806,1801,496
19-125-FI,N,20190807,1609,548
19-126-FI,N,20190807,1901,555
19-127-FI,,20190809,2239,400
19-128-FI,N,20190811,1118,544
19-129-FI,N,20190814,0010,559
19-130-FI,Y,20190815,2156,400
19-131-FI,N,20190817,2317,569
19-132-FI,Y,20190819,0238,557
19-133-FI,,20190819,1912,342
19-134-FI,N,20190822,1225,463
19-135-FI,N,20190822,1246,463
19-136-FI,N,20190822,1246,463
19-137-FI,N,20190822,1246,463
19-138-FI,N,20190822,1246,463
19-139-FI,N,20190822,1410,541
19-140-FI,,20190825,1952,559
19-141-FI,N,20190828,1157,461
19-142-FI,N,20190828,2231,380
19-143-FI,N,20190828,2231,548
19-144-FI,N,20190828,2234,380
19-145-FI,N,20190828,2237,405
19-146-FI,N,20190828,2245,372
19-147-FI,N,20190828,2251,420
19-148-FI,N,20190828,2255,372
19-150-FI,N,20190828,2259,420
19-152-FI,N,20190829,1207,405
19-153-FI,Y,20190830,1554,548
19-154-FI,N,20190903,1323,552
19-155-FI,N,20190903,1526,437
19-156-FI,Y,20190905,1348,541
19-157-FI,Y,20190905,2009,557
19-200-FI,Y,20191204,1538,492
19-158-FI,N,20190916,1839,569
19-159-FI,,20190919,2216,430
19-160-FI,,20190920,0131,599
19-161-FI,Y,20190920,1228,389
19-162-FI,Y,20190920,1233,389
19-163-FI,N,20190920,1243,389
19-165-FI,N,20190924,1746,569
19-166-FI,N,20190927,2149,441
19-168-FI,N,20190929,0353,592
19-167-FI,N,20190929,0336,592
19-169-FI,N,20191003,0117,506
19-170-FI,N,20191003,2240,492
19-171-FI,Y,20191004,0940,608
19-174-FI,N,20191008,0945,608
19-175-FI,N,20191008,0949,608
19-176-FI,N,20191008,0951,608
19-177-FI,N,20191008,0956,608
19-178-FI,N,20191008,0958,608
19-179-FI,N,20191008,1001,608
19-180-FI,N,20191008,1005,608
19-181-FI,N,20191008,1017,608
19-172-FI,Y,20191006,1804,562
19-173-FI,N,20191007,0632,586
19-182-FI,N,20191010,2045,559
19-183-FI,N,20191011,1049,548
19-184-FI,N,20191017,0331,592
19-185-FI,N,20191017,0748,389
19-186-FI,N,20191024,0001,569
19-187-FI,Y,20191024,1059,535
19-188-FI,N,20191101,0031,557
19-190-FI,N,20191113,1501,573
19-189-FI,N,20191110,1717,569
19-191-FI,N,20191115,1445,548
19-192-FI,N,20191116,1657,569
19-193-FI,N,20191120,1459,551
19-194-FI,N,20191121,1124,614
19-195-FI,N,20191123,2331,506
19-196-FI,N,20191124,1054,535
19-197-FI,N,20191127,0319,592
19-198-FI,Y,20191130,1002,535
19-199-FI,Y,20191130,2054,559
19-201-FI,N,20191205,2346,557
19-202-FI,N,20191209,1323,506
19-203-FI,N,20191210,0401,592
19-204-FI,N,20191210,1258,535
19-205-FI,N,20191212,1451,535
19-206-FI,Y,20191216,1411,506
19-207-FI,N,20191216,1510,376
19-208-FI,N,20191225,0258,557
19-209-FI,N,20191228,0742,614
19-210-FI,N,20191228,1650,548
20-1-FI,N,20200102,2226,569
20-2-FI,N,20200104,2024,506
20-3-FI,N,20200105,0014,555
20-4-FI,N,20200108,1252,516
20-5-FI,N,20200110,1748,400
20-6-FI,Y,20200115,1149,348
20-7-FI,N,20200117,1329,535
20-8-FI,N,20200122,1916,569
20-9-FI,N,20200127,1936,479
20-11-FI,N,20200203,2343,569
20-12-FI,N,20200205,1906,592
20-13-FI,N,20200205,2113,559
20-14-FI,Y,20200210,1506,405
20-15-FI,Y,20200222,0220,557
20-16-FI,N,20200225,1440,548
20-17-FI,N,20200226,1729,591
20-18-FI,N,20200228,2120,332
20-19-FI,N,20200301,2309,620
20-20-FI,N,20200309,0229,569
20-21-FI,N,20200313,1808,592
20-22-FI,N,20200315,2323,587
20-23-FI,N,20200316,1912,400
20-24-FI,N,20200324,1745,506
20-25-FI,Y,20200324,2158,503
20-26-FI,N,20200406,1632,573
20-27-FI,N,20200412,1721,592
20-28-FI,N,20200423,1848,387
20-29-FI,N,20200424,0828,548
20-30-FI,Y,20200424,2140,492
20-31-FI,N,20200424,2236,387
20-32-FI,Y,20200426,2112,492
20-33-FI,N,20200427,2107,400
20-34-FI,N,20200427,2234,400
20-35-FI,N,20200428,0221,555
20-36-FI,Y,20200428,2306,506
20-37-FI,Y,20200430,0853,548
20-38-FI,N,20200501,2330,591
20-39-FI,N,20200502,1718,400
20-41-FI,N,20200503,2028,569
20-40-FI,N,20200503,1720,400
20-42-FI,N,20200504,1551,592
20-43-FI,N,20200504,1828,400
20-44-FI,N,20200505,0008,442
20-45-FI,N,20200505,0239,569
20-46-FI,Y,20200506,0121,442
20-47-FI,N,20200506,1404,441
20-48-FI,N,20200506,1409,557
20-49-FI,N,20200506,1821,389
20-50-FI,N,20200506,1826,389
20-51-FI,N,20200506,1904,348
20-52-FI,N,20200506,1911,405
20-53-FI,N,20200507,0922,548
20-54-FI,Y,20200507,0942,420
20-55-FI,N,20200507,1649,593
20-56-FI,N,20200507,1747,593
20-57-FI,N,20200507,1935,593
20-58-FI,N,20200508,2302,559
20-59-FI,N,20200509,1938,400
20-60-FI,N,20200509,2247,400
20-61-FI,N,20200509,2339,400
20-62-FI,N,20200511,2103,555
20-63-FI,N,20200512,0145,443
20-64-FI,N,20200512,1139,548
20-65-FI,N,20200512,1340,389
20-66-FI,N,20200513,2019,592
20-67-FI,N,20200514,1053,548
20-68-FI,N,20200514,1407,506
20-69-FI,N,20200514,1738,400
20-70-FI,N,20200514,1803,400
20-71-FI,N,20200514,1917,348
20-72-FI,N,20200514,1923,350
20-73-FI,N,20200514,1926,405
20-74-FI,N,20200515,1904,400
20-75-FI,,20200515,2029,400
20-76-FI,N,20200517,1515,548
20-77-FI,Y,20200520,1837,557
20-78-FI,N,20200520,1845,400
20-79-FI,Y,20200521,0238,557
20-80-FI,N,20200521,0249,557
20-81-FI,N,20200522,2356,442
20-82-FI,N,20200525,1752,586
20-83-FI,N,20200525,2220,592
20-84-FI,N,20200525,2324,586
20-85-FI,N,20200528,1725,400
20-86-FI,N,20200529,0916,389
20-87-FI,N,20200529,2224,496
20-88-FI,N,20200530,0209,442
20-89-FI,N,20200604,0107,587
20-90-FI,N,20200607,1708,593
20-91-FI,N,20200609,2304,400
20-92-FI,N,20200609,2309,627
20-99-FI,N,20200621,1909,569
20-93-FI,N,20200614,1753,400
20-94-FI,N,20200615,1330,482
20-95-FI,N,20200615,1720,559
20-96-FI,N,20200615,2040,400
20-97-FI,N,20200617,0133,570
20-98-FI,N,20200618,2149,592
20-101-FI,Y,20200701,2132,557
20-100-FI,N,20200701,1726,621
20-102-FI,N,20200702,2347,496
20-103-FI,N,20200703,2338,621
20-104-FI,N,20200704,0406,442
20-105-FI,N,20200709,0202,379
20-106-FI,N,20200709,1925,400
20-107-FI,N,20200715,0211,557
20-108-FI,N,20200720,2355,400
20-109-FI,N,20200721,1816,400
20-110-FI,N,20200721,2258,400
20-111-FI,N,20200724,1951,559
20-112-FI,N,20200725,1549,535
20-113-FI,N,20200727,1807,592
20-114-FI,N,20200727,2228,592
20-115-FI,N,20200728,0003,557
20-116-FI,N,20200729,0119,443
20-117-FI,N,20200731,1700,479
20-122-FI,N,20200814,0821,535
20-118-FI,N,20200806,1420,535
20-119-FI,N,20200806,1931,621
20-120-FI,,20200806,1954,559
20-121-FI,Y,20200806,2022,387
20-123-FI,N,20200817,1951,592
20-124-FI,N,20200820,1030,535
20-125-FI,N,20200827,1907,621
20-126-FI,N,20200831,0144,589
20-127-FI,N,20200903,1154,548
20-128-FI,,20200904,1428,535
20-129-FI,N,20200907,1445,535
20-130-FI,,20200907,1755,559
20-131-FI,N,20200907,1918,557
20-132-FI,,20200909,1839,468
20-133-FI,N,20200909,2324,592
20-134-FI,N,20200910,0831,548
20-135-FI,N,20200910,0925,548
20-136-FI,N,20200910,2206,559
20-137-FI,N,20200916,1843,592
20-138-FI,N,20200916,2222,555
20-139-FI,N,20200919,2026,569
20-140-FI,N,20200922,2242,592
20-141-FI,N,20200922,2251,592
20-142-FI,N,20200922,2259,592
20-143-FI,N,20200923,0953,488
20-144-FI,N,20200923,1841,559
20-145-FI,N,20200923,1936,492
20-146-FI,N,20200923,2116,557
20-147-FI,N,20200925,1429,489
20-148-FI,N,20201002,1328,475
20-149-FI,N,20201004,1414,492
20-150-FI,N,20201004,2335,592
20-151-FI,N,20201005,1152,535
20-152-FI,N,20201018,0906,535
20-153-FI,,20201018,2016,557
20-154-FI,N,20201021,0150,587
20-155-FI,N,20201026,2306,468
20-156-FI,N,20201029,1737,569
20-157-FI,N,20201030,2312,555
20-158-FI,N,20201031,2141,592
20-159-FI,N,20201103,1715,603
20-160-FI,,20201104,1856,591
20-161-FI,N,20201106,0023,587
20-163-FI,N,20201106,1414,350
20-164-FI,N,20201106,1422,350
20-165-FI,N,20201106,1430,350
20-166-FI,N,20201106,1441,350
20-167-FI,N,20201106,1448,350
20-168-FI,N,20201106,1453,350
20-169-FI,N,20201106,1508,350
20-162-FI,N,20201106,1010,535
20-170-FI,N,20201112,1834,592
20-171-FI,N,20201113,1704,400
20-172-FI,,20201113,1705,400
20-173-FI,,20201113,1705,400
20-174-FI,N,20201119,1502,488
20-175-FI,N,20201119,1901,400
20-176-FI,N,20201119,2031,415
20-177-FI,Y,20201122,2121,557
20-178-FI,N,20201123,2208,400
20-179-FI,N,20201124,2239,387
20-180-FI,N,20201127,1826,559
20-181-FI,N,20201128,2353,626
20-182-FI,N,20201129,0254,557
20-183-FI,N,20201201,1919,592
20-184-FI,N,20201201,2259,592
20-185-FI,N,20201204,1502,535
20-186-FI,Y,20201205,2249,557
20-187-FI,N,20201207,2353,592
20-188-FI,N,20201210,2157,557
20-191-FI,N,20201221,1442,535
20-189-FI,N,20201216,1121,535
20-190-FI,N,20201221,1135,532
20-192-FI,N,20201223,1837,559
20-193-FI,N,20201225,0148,570
20-194-FI,Y,20201229,2054,569
21-1-FI,N,20210109,1821,479
21-2-FI,N,20210114,2135,555
21-3-FI,N,20210114,2244,592
21-5-FI,Y,20210119,0641,407
21-4-FI,N,20210118,0054,551
21-6-FI,N,20210119,1743,592
21-7-FI,N,20210120,1947,592
21-8-FI,Y,20210127,1529,563
21-9-FI,N,20210129,1735,592
21-10-FI,N,20210130,0106,442
21-11-FI,N,20210202,2129,591
21-12-FI,N,20210203,2336,559
21-13-FI,N,20210205,1252,552
21-14-FI,N,20210205,1255,389
21-15-FI,N,20210210,2015,436
21-16-FI,N,20210211,1622,496
21-17-FI,N,20210214,0930,548
21-18-FI,,20210215,1633,535
21-19-FI,N,20210217,0754,389
21-20-FI,N,20210224,0922,548
21-21-FI,N,20210225,1701,332
21-22-FI,N,20210226,1941,559
21-23-FI,N,20210228,0021,557
21-24-FI,N,20210301,2016,587
21-25-FI,N,20210301,2207,496
21-26-FI,N,20210301,2213,496
21-27-FI,,20210305,1750,559
21-28-FI,N,20210305,2052,400
21-29-FI,N,20210310,1527,532
21-30-FI,Y,20210328,1748,557
21-31-FI,N,20210401,0107,442
21-32-FI,N,20210408,1817,592
21-33-FI,N,20210415,2034,569
21-34-FI,N,20210423,2021,400
21-35-FI,N,20210428,2304,559
21-37-FI,N,20210502,1147,548
21-36-FI,N,20210501,0204,557
21-38-FI,N,20210503,2317,563
21-39-FI,N,20210504,1201,535
21-40-FI,N,20210511,2014,547
21-41-FI,N,20210512,2244,592
21-42-FI,N,20210524,2159,496
21-43-FI,N,20210614,2256,506
21-44-FI,,20210622,2157,559
21-45-FI,N,20210624,1557,591
21-46-FI,N,20210701,0838,389
21-47-FI,N,20210702,1404,588
21-48-FI,,20210707,1358,588
21-49-FI,,20210709,0940,588
21-50-FI,N,20210726,2341,621
21-51-FI,N,20210730,1653,639
21-52-FI,N,20210731,0957,548
21-53-FI,N,20210801,1806,400
21-54-FI,N,20210823,1953,548
21-55-FI,N,20210824,1330,548
21-56-FI,,20210825,2216,621
21-57-FI,N,20210908,0925,563
21-58-FI,N,20210912,1631,492
21-59-FI,Y,20210913,0851,482
21-60-FI,N,20210913,0902,348
21-61-FI,N,20210917,1840,592
21-62-FI,,20210919,0632,569
21-63-FI,N,20210926,2140,557
21-64-FI,N,20210929,1928,555
21-65-FI,N,20210930,1540,587
21-66-FI,N,20211001,2344,555
21-67-FI,N,20211008,2107,592
21-68-FI,N,20211013,2252,633
21-69-FI,N,20211018,1945,563
21-70-FI,N,20211018,1951,643
21-71-FI,N,20211026,2229,400
21-72-FI,N,20211030,2110,557
21-73-FI,N,20211101,1901,592
21-75-FI,N,20211105,1912,387
21-74-FI,Y,20211103,2100,387
21-77-FI,N,20211107,2306,557
21-76-FI,N,20211107,1640,555
21-78-FI,N,20211111,1230,548
21-79-FI,Y,20211115,0841,311
21-80-FI,N,20211121,0228,592
21-81-FI,N,20211124,2309,633
21-82-FI,N,20211128,0903,548
21-83-FI,N,20211206,1158,533
21-84-FI,N,20211206,2203,634
21-86-FI,N,20211212,1955,592
21-88-FI,N,20211226,1810,634
21-89-FI,N,20211229,0957,509
21-90-FI,N,20211231,1512,587
