Row Labels,Count of CaseNumber,,,,
Grand Total,5863,,,,
2018-0D4-002439,34,,,,
2017-0H5-004048,32,,,,
2020-0F1-048601,30,,,,
2018-0H3-001106,24,,,,
2018-0F1-022092,20,,,,
2020-0F1-018058,20,,,,
2020-0H4-011905,15,,,,
2021-0F1-014766,15,,,,
2016-GEU-001339,12,,,,
2020-0H4-007491,12,,,,
2020-0H4-014920,12,,,,
2021-0H7-002348,12,,,,
2018-0D4-003965,10,,,,
2018-0H9-004733,10,,,,
2020-0H1-002257,10,,,,
2021-0F1-001531,10,,,,
2017-0D4-002067,9,,,,
2017-0H6-000575,9,,,,
2018-0H9-004808,9,,,,
2019-0F1-005789,9,,,,
2019-0F1-015913,9,,,,
2019-0F1-037100,9,,,,
2019-0F1-056742,9,,,,
2019-0F1-058870,9,,,,
2019-0F1-059491,9,,,,
2020-0A5-006307,9,,,,
2016-0H5-007782,8,,,,
2016-GEU-000135,8,,,,
2017-0F1-042786,8,,,,
2017-TK9-002569,8,,,,
2018-0D4-006303,8,,,,
2018-0F1-023551,8,,,,
2018-0H9-004532,8,,,,
2019-0H6-001403,8,,,,
2020-0B6-007899,8,,,,
2020-0F1-011310,8,,,,
2020-0F1-015253,8,,,,
2020-0F1-056045,8,,,,
2020-0H9-006856,8,,,,
2021-0F1-000677,8,,,,
2019-0A6-005861,7,,,,
2016-0A1-004625,6,,,,
2016-0D4-004724,6,,,,
2016-0F1-038300,6,,,,
2016-0H6-003880,6,,,,
2017-0A6-001328,6,,,,
2017-0H2-001904,6,,,,
2017-0H4-002994,6,,,,
2017-0H4-005108,6,,,,
2017-0H5-009127,6,,,,
2017-GEU-001551,6,,,,
2018-0F1-043808,6,,,,
2019-0C4-000965,6,,,,
2019-0C4-003832,6,,,,
2019-0C4-004722,6,,,,
2019-0C6-007527,6,,,,
2019-0D3-002337,6,,,,
2019-0F1-004746,6,,,,
2019-0F1-040988,6,,,,
2019-0F1-054588,6,,,,
2019-0F1-059485,6,,,,
2019-0H6-001638,6,,,,
2019-0H6-002241,6,,,,
2019-0H6-005646,6,,,,
2019-0H9-002773,6,,,,
2019-0H9-005621,6,,,,
2019-GES-000570,6,,,,
2020-0B5-005011,6,,,,
2020-0D4-004568,6,,,,
2020-0D4-005288,6,,,,
2020-0F1-011466,6,,,,
2020-0F1-016808,6,,,,
2020-0F1-017305,6,,,,
2020-0F1-058765,6,,,,
2020-0F1-058902,6,,,,
2020-0H4-002671,6,,,,
2020-0H9-002942,6,,,,
2021-0B3-000468,6,,,,
2021-0F1-007340,6,,,,
2021-0F1-010895,6,,,,
2017-0F1-003150,5,,,,
2017-0H6-005307,5,,,,
2017-GEU-001521,5,,,,
2018-0C2-009233,5,,,,
2018-0H9-002266,5,,,,
2018-0H9-004000,5,,,,
2019-0F1-004731,5,,,,
2020-0F1-018604,5,,,,
2020-0F1-029696,5,,,,
2020-0F1-038594,5,,,,
2020-0F1-052803,5,,,,
2020-0F1-055964,5,,,,
2020-0F1-058625,5,,,,
2020-0F1-064200,5,,,,
2020-0F1-064567,5,,,,
2020-0F1-064624,5,,,,
2020-0H4-003220,5,,,,
2020-0H4-003852,5,,,,
2020-0H4-014296,5,,,,
2021-0F1-006023,5,,,,
2021-0F1-012459,5,,,,
2021-0H9-003446,5,,,,
2016-0C5-001586,4,,,,
2016-0C5-003177,4,,,,
2016-0D4-005556,4,,,,
2016-0D7-001860,4,,,,
2016-0F1-009557,4,,,,
2016-0F1-022150,4,,,,
2016-0F1-022318,4,,,,
2016-0F1-022783,4,,,,
2016-0H4-006601,4,,,,
2016-0H5-007806,4,,,,
2016-GEU-000260,4,,,,
2016-GEU-001097,4,,,,
2016-GEU-001353,4,,,,
2017-0A1-011420,4,,,,
2017-0A5-003467,4,,,,
2017-0B4-003193,4,,,,
2017-0D4-002103,4,,,,
2017-0D4-003932,4,,,,
2017-0D4-004117,4,,,,
2017-0E4-006456,4,,,,
2017-0E4-006653,4,,,,
2017-0F1-022558,4,,,,
2017-0H4-004186,4,,,,
2017-0H5-007249,4,,,,
2017-0H6-003466,4,,,,
2017-0H6-004124,4,,,,
2017-0H6-005479,4,,,,
2017-0H6-006227,4,,,,
2017-0H7-005417,4,,,,
2018-0A5-008614,4,,,,
2018-0C1-004002,4,,,,
2018-0C4-005579,4,,,,
2018-0D4-005558,4,,,,
2018-0D4-005734,4,,,,
2018-0E4-000541,4,,,,
2018-0F1-013003,4,,,,
2018-0F1-013441,4,,,,
2018-0F1-035059,4,,,,
2018-0F1-045796,4,,,,
2018-0F1-045909,4,,,,
2018-0H3-001624,4,,,,
2018-0H4-003986,4,,,,
2018-0H9-003310,4,,,,
2018-0H9-004125,4,,,,
2018-TST-000192,4,,,,
2019-0A3-008704,4,,,,
2019-0A5-005626,4,,,,
2019-0A5-005894,4,,,,
2019-0A5-007252,4,,,,
2019-0A6-000433,4,,,,
2019-0A6-010420,4,,,,
2019-0C4-003913,4,,,,
2019-0F1-007701,4,,,,
2019-0F1-007853,4,,,,
2019-0F1-010564,4,,,,
2019-0F1-013432,4,,,,
2019-0F1-014789,4,,,,
2019-0F1-018012,4,,,,
2019-0F1-018327,4,,,,
2019-0F1-018378,4,,,,
2019-0F1-019967,4,,,,
2019-0F1-034383,4,,,,
2019-0F1-038413,4,,,,
2019-0F1-052634,4,,,,
2019-0F1-057171,4,,,,
2019-0F1-057818,4,,,,
2019-0F1-058453,4,,,,
2019-0F1-059079,4,,,,
2019-0F1-059261,4,,,,
2019-0F1-059282,4,,,,
2019-0F1-060560,4,,,,
2019-0F1-060977,4,,,,
2019-0F1-064788,4,,,,
2019-0F1-068943,4,,,,
2019-0H6-004216,4,,,,
2019-0H6-008455,4,,,,
2019-0H9-002816,4,,,,
2019-0H9-009235,4,,,,
2019-0H9-009677,4,,,,
2019-0H9-009744,4,,,,
2019-0H9-009757,4,,,,
2019-0H9-012674,4,,,,
2020-0A5-003274,4,,,,
2020-0B6-011397,4,,,,
2020-0D3-010730,4,,,,
2020-0D3-011091,4,,,,
2020-0F1-003855,4,,,,
2020-0F1-009377,4,,,,
2020-0F1-009596,4,,,,
2020-0F1-010497,4,,,,
2020-0F1-013281,4,,,,
2020-0F1-014661,4,,,,
2020-0F1-017809,4,,,,
2020-0F1-018226,4,,,,
2020-0F1-019141,4,,,,
2020-0F1-019159,4,,,,
2020-0F1-020395,4,,,,
2020-0F1-021683,4,,,,
2020-0F1-025907,4,,,,
2020-0F1-028529,4,,,,
2020-0F1-029701,4,,,,
2020-0F1-032775,4,,,,
2020-0F1-032954,4,,,,
2020-0F1-033201,4,,,,
2020-0F1-036815,4,,,,
2020-0F1-040373,4,,,,
2020-0F1-040508,4,,,,
2020-0F1-047418,4,,,,
2020-0F1-048310,4,,,,
2020-0F1-053190,4,,,,
2020-0F1-053224,4,,,,
2020-0F1-054932,4,,,,
2020-0F1-055688,4,,,,
2020-0F1-055955,4,,,,
2020-0F1-056955,4,,,,
2020-0F1-057476,4,,,,
2020-0F1-058263,4,,,,
2020-0F1-058275,4,,,,
2020-0F1-058622,4,,,,
2020-0F1-059475,4,,,,
2020-0F1-059481,4,,,,
2020-0F1-062355,4,,,,
2020-0F1-062412,4,,,,
2020-0F1-063263,4,,,,
2020-0H3-002956,4,,,,
2020-0H4-003854,4,,,,
2020-0H4-007616,4,,,,
2020-0H4-008432,4,,,,
2020-0H6-008095,4,,,,
2020-0H6-008952,4,,,,
2020-0H9-001448,4,,,,
2020-0H9-002200,4,,,,
2020-0H9-007928,4,,,,
2020-0H9-008455,4,,,,
2020-0H9-010082,4,,,,
2021-0F1-001530,4,,,,
2021-0F1-003856,4,,,,
2021-0F1-005556,4,,,,
2021-0F1-008281,4,,,,
2021-0F1-009227,4,,,,
2021-0F1-009883,4,,,,
2021-0F1-009908,4,,,,
2021-0F1-010833,4,,,,
2021-0F1-012009,4,,,,
2021-0F1-014285,4,,,,
2021-0H9-001728,4,,,,
2021-0H9-002397,4,,,,
2021-0H9-003207,4,,,,
2021-TK9-000778,4,,,,
2016-0A2-006131,3,,,,
2016-0A4-004144,3,,,,
2016-0A6-007738,3,,,,
2016-0B3-005222,3,,,,
2016-0B5-002881,3,,,,
2016-0C2-012074,3,,,,
2016-0C6-009037,3,,,,
2016-0D3-002530,3,,,,
2016-0E4-000718,3,,,,
2016-0E4-001518,3,,,,
2016-0E4-002808,3,,,,
2016-0E4-004543,3,,,,
2016-0E4-006306,3,,,,
2016-0E4-007848,3,,,,
2016-0E4-008532,3,,,,
2016-0F1-002195,3,,,,
2016-0F1-004914,3,,,,
2016-0F1-009508,3,,,,
2016-0F1-022786,3,,,,
2016-0F1-028763,3,,,,
2016-0F1-039378,3,,,,
2016-0H2-006495,3,,,,
2016-0H4-004641,3,,,,
2016-0H4-007881,3,,,,
2016-0H6-003881,3,,,,
2016-0H7-006756,3,,,,
2017-0A2-001430,3,,,,
2017-0A5-002063,3,,,,
2017-0E4-002127,3,,,,
2017-0E4-003493,3,,,,
2017-0E4-005773,3,,,,
2017-0E4-006741,3,,,,
2017-0E4-007041,3,,,,
2017-0E4-009002,3,,,,
2017-0E4-010628,3,,,,
2017-0E4-011389,3,,,,
2017-0F1-033665,3,,,,
2017-0F1-034323,3,,,,
2017-0F1-042778,3,,,,
2017-0H3-002819,3,,,,
2017-0H4-003421,3,,,,
2017-0H5-003414,3,,,,
2017-0H7-004391,3,,,,
2018-0A2-002044,3,,,,
2018-0A4-002077,3,,,,
2018-0A4-007234,3,,,,
2018-0A5-006176,3,,,,
2018-0A5-008145,3,,,,
2018-0C5-004941,3,,,,
2018-0D4-006370,3,,,,
2018-0E4-002693,3,,,,
2018-0F1-001089,3,,,,
2018-0F1-008261,3,,,,
2018-0F1-008376,3,,,,
2018-0F1-009785,3,,,,
2018-0F1-012305,3,,,,
2018-0F1-013649,3,,,,
2018-0F1-018318,3,,,,
2018-0F1-028021,3,,,,
2018-0F1-028028,3,,,,
2018-0H3-001747,3,,,,
2018-0H4-002277,3,,,,
2018-0H6-005767,3,,,,
2018-0H6-007495,3,,,,
2018-0H9-002650,3,,,,
2018-0H9-006335,3,,,,
2018-0HH-001405,3,,,,
2018-GEU-001239,3,,,,
2019-0A1-009121,3,,,,
2019-0A4-002193,3,,,,
2019-0A6-010152,3,,,,
2019-0A6-010207,3,,,,
2019-0A6-010349,3,,,,
2019-0A6-010749,3,,,,
2019-0C4-002440,3,,,,
2019-0D3-001359,3,,,,
2019-0F1-003694,3,,,,
2019-0F1-004161,3,,,,
2019-0F1-004304,3,,,,
2019-0F1-007767,3,,,,
2019-0F1-011355,3,,,,
2019-0F1-012110,3,,,,
2019-0F1-016708,3,,,,
2019-0F1-019779,3,,,,
2019-0F1-031242,3,,,,
2019-0F1-038276,3,,,,
2019-0F1-041833,3,,,,
2019-0F1-044713,3,,,,
2019-0F1-047748,3,,,,
2019-0F1-049418,3,,,,
2019-0F1-050416,3,,,,
2019-0F1-053312,3,,,,
2019-0F1-061254,3,,,,
2019-0F1-062184,3,,,,
2019-0F1-062741,3,,,,
2019-0F1-063020,3,,,,
2019-0F1-064387,3,,,,
2019-0F1-066796,3,,,,
2019-0H4-008997,3,,,,
2019-0H9-007504,3,,,,
2019-0H9-008643,3,,,,
2019-0H9-009063,3,,,,
2019-0H9-009110,3,,,,
2019-0H9-009121,3,,,,
2019-0H9-010004,3,,,,
2019-0H9-013385,3,,,,
2019-GEE-000986,3,,,,
2020-0A4-001911,3,,,,
2020-0A5-004663,3,,,,
2020-0C6-001260,3,,,,
2020-0D4-006893,3,,,,
2020-0D4-007129,3,,,,
2020-0D4-009640,3,,,,
2020-0F1-005674,3,,,,
2020-0F1-008938,3,,,,
2020-0F1-010164,3,,,,
2020-0F1-010193,3,,,,
2020-0F1-010658,3,,,,
2020-0F1-011128,3,,,,
2020-0F1-011921,3,,,,
2020-0F1-012771,3,,,,
2020-0F1-013729,3,,,,
2020-0F1-014263,3,,,,
2020-0F1-015116,3,,,,
2020-0F1-017608,3,,,,
2020-0F1-018483,3,,,,
2020-0F1-019039,3,,,,
2020-0F1-022848,3,,,,
2020-0F1-023929,3,,,,
2020-0F1-024050,3,,,,
2020-0F1-027576,3,,,,
2020-0F1-042906,3,,,,
2020-0F1-047430,3,,,,
2020-0F1-047998,3,,,,
2020-0F1-048866,3,,,,
2020-0F1-049620,3,,,,
2020-0F1-049761,3,,,,
2020-0F1-051193,3,,,,
2020-0F1-051912,3,,,,
2020-0F1-052079,3,,,,
2020-0F1-053419,3,,,,
2020-0F1-054094,3,,,,
2020-0F1-054228,3,,,,
2020-0F1-055154,3,,,,
2020-0F1-057568,3,,,,
2020-0F1-057987,3,,,,
2020-0F1-059105,3,,,,
2020-0F1-059648,3,,,,
2020-0F1-059962,3,,,,
2020-0F1-060190,3,,,,
2020-0F1-060253,3,,,,
2020-0F1-060637,3,,,,
2020-0F1-060649,3,,,,
2020-0F1-061406,3,,,,
2020-0F1-061981,3,,,,
2020-0F1-062196,3,,,,
2020-0F1-063278,3,,,,
2020-0H1-002428,3,,,,
2020-0H2-000986,3,,,,
2020-0H4-001878,3,,,,
2020-0H4-003423,3,,,,
2020-0H4-004007,3,,,,
2020-0H4-004882,3,,,,
2020-0H4-004958,3,,,,
2020-0H4-006334,3,,,,
2020-0H4-007511,3,,,,
2020-0H4-009726,3,,,,
2020-0H4-009991,3,,,,
2020-0H4-011068,3,,,,
2020-0H4-011850,3,,,,
2020-0H4-014019,3,,,,
2020-0H4-014922,3,,,,
2020-0H6-002133,3,,,,
2020-0H6-004447,3,,,,
2020-0H6-007052,3,,,,
2020-0H6-007268,3,,,,
2020-0H6-008198,3,,,,
2020-0H9-001734,3,,,,
2020-0H9-002149,3,,,,
2020-0H9-002808,3,,,,
2020-0H9-002816,3,,,,
2020-0H9-005145,3,,,,
2020-0H9-005303,3,,,,
2020-0H9-006917,3,,,,
2020-0H9-009077,3,,,,
2020-0H9-009696,3,,,,
2020-0H9-010420,3,,,,
2020-TK9-001150,3,,,,
2021-0F1-000343,3,,,,
2021-0F1-000496,3,,,,
2021-0F1-000902,3,,,,
2021-0F1-001178,3,,,,
2021-0F1-001498,3,,,,
2021-0F1-001699,3,,,,
2021-0F1-003385,3,,,,
2021-0F1-003982,3,,,,
2021-0F1-004279,3,,,,
2021-0F1-004509,3,,,,
2021-0F1-005588,3,,,,
2021-0F1-007378,3,,,,
2021-0F1-007634,3,,,,
2021-0F1-008462,3,,,,
2021-0F1-008812,3,,,,
2021-0F1-009485,3,,,,
2021-0F1-012471,3,,,,
2021-0F1-012642,3,,,,
2021-0F1-012982,3,,,,
2021-0F1-013036,3,,,,
2021-0F1-013815,3,,,,
2021-0F1-016809,3,,,,
2021-0F1-018562,3,,,,
2021-0F1-018658,3,,,,
2021-0F1-018738,3,,,,
2021-0F1-018922,3,,,,
2021-0F1-019460,3,,,,
2021-0F1-019663,3,,,,
2021-0H1-000057,3,,,,
2021-0H9-001868,3,,,,
2021-0H9-003050,3,,,,
2021-TK9-000643,3,,,,
2016-0A1-003962,2,,,,
2016-0A1-009905,2,,,,
2016-0A6-001744,2,,,,
2016-0B5-001334,2,,,,
2016-0C2-001876,2,,,,
2016-0C6-001010,2,,,,
2016-0D3-002838,2,,,,
2016-0D4-004653,2,,,,
2016-0D4-005313,2,,,,
2016-0D6-000691,2,,,,
2016-0E4-002181,2,,,,
2016-0E4-002930,2,,,,
2016-0E4-004321,2,,,,
2016-0E4-005058,2,,,,
2016-0E4-006330,2,,,,
2016-0E4-006851,2,,,,
2016-0E4-007123,2,,,,
2016-0E4-009949,2,,,,
2016-0E4-009980,2,,,,
2016-0E4-010218,2,,,,
2016-0E4-010929,2,,,,
2016-0F1-007602,2,,,,
2016-0F1-007900,2,,,,
2016-0F1-010120,2,,,,
2016-0F1-013242,2,,,,
2016-0F1-015543,2,,,,
2016-0F1-018857,2,,,,
2016-0F1-035677,2,,,,
2016-0F1-037910,2,,,,
2016-0H3-002430,2,,,,
2016-0H3-003614,2,,,,
2016-0H3-004234,2,,,,
2016-0H3-005998,2,,,,
2016-0H4-000412,2,,,,
2016-0H4-001169,2,,,,
2016-0H4-001769,2,,,,
2016-0H4-002163,2,,,,
2016-0H4-003439,2,,,,
2016-0H4-004255,2,,,,
2016-0H4-004399,2,,,,
2016-0H4-005707,2,,,,
2016-0H4-006121,2,,,,
2016-0H4-007235,2,,,,
2016-0H4-007356,2,,,,
2016-0H5-004606,2,,,,
2016-0H5-004617,2,,,,
2016-0H5-005137,2,,,,
2016-0H5-006229,2,,,,
2016-0H5-007781,2,,,,
2016-0H6-000329,2,,,,
2016-0H6-002006,2,,,,
2016-0H6-002492,2,,,,
2016-0H6-002890,2,,,,
2016-0H6-006396,2,,,,
2016-0H6-007198,2,,,,
2016-0H6-007633,2,,,,
2016-0H7-003547,2,,,,
2016-GEU-000115,2,,,,
2016-GEU-000478,2,,,,
2016-GEU-000993,2,,,,
2016-GEU-001109,2,,,,
2016-GEU-001205,2,,,,
2016-GEU-001490,2,,,,
2016-GEU-001601,2,,,,
2016-TK9-000132,2,,,,
2017-0A1-009880,2,,,,
2017-0A2-007358,2,,,,
2017-0A4-003991,2,,,,
2017-0A5-002073,2,,,,
2017-0A5-004440,2,,,,
2017-0A5-005027,2,,,,
2017-0A5-005239,2,,,,
2017-0A5-005358,2,,,,
2017-0A5-005668,2,,,,
2017-0B1-006413,2,,,,
2017-0B1-006779,2,,,,
2017-0B4-002044,2,,,,
2017-0C1-005580,2,,,,
2017-0C2-006307,2,,,,
2017-0C5-004722,2,,,,
2017-0D3-006135,2,,,,
2017-0D4-000781,2,,,,
2017-0D4-001687,2,,,,
2017-0D4-003713,2,,,,
2017-0D4-003848,2,,,,
2017-0D4-004987,2,,,,
2017-0D7-000630,2,,,,
2017-0D7-003001,2,,,,
2017-0E2-005902,2,,,,
2017-0E4-006669,2,,,,
2017-0E4-006720,2,,,,
2017-0E4-007282,2,,,,
2017-0E4-007307,2,,,,
2017-0E4-007373,2,,,,
2017-0E4-008907,2,,,,
2017-0E4-009290,2,,,,
2017-0E4-011388,2,,,,
2017-0F1-011107,2,,,,
2017-0F1-011241,2,,,,
2017-0F1-013474,2,,,,
2017-0F1-022535,2,,,,
2017-0F1-044433,2,,,,
2017-0F1-044949,2,,,,
2017-0H3-000256,2,,,,
2017-0H3-000688,2,,,,
2017-0H3-006938,2,,,,
2017-0H4-002149,2,,,,
2017-0H4-003252,2,,,,
2017-0H4-003288,2,,,,
2017-0H4-003366,2,,,,
2017-0H4-003431,2,,,,
2017-0H4-003491,2,,,,
2017-0H4-003493,2,,,,
2017-0H4-003694,2,,,,
2017-0H4-003769,2,,,,
2017-0H4-003787,2,,,,
2017-0H4-004409,2,,,,
2017-0H4-004553,2,,,,
2017-0H4-004840,2,,,,
2017-0H4-005173,2,,,,
2017-0H4-005589,2,,,,
2017-0H4-005775,2,,,,
2017-0H4-005796,2,,,,
2017-0H4-005928,2,,,,
2017-0H4-006102,2,,,,
2017-0H4-006147,2,,,,
2017-0H4-006572,2,,,,
2017-0H6-000927,2,,,,
2017-0H6-002501,2,,,,
2017-0H6-003742,2,,,,
2017-0H6-004133,2,,,,
2017-0H6-004992,2,,,,
2017-0H6-005304,2,,,,
2017-0H6-006881,2,,,,
2017-0H7-001893,2,,,,
2017-0H7-003146,2,,,,
2017-0H7-003988,2,,,,
2017-0H7-004511,2,,,,
2017-GEU-001770,2,,,,
2017-TMU-001848,2,,,,
2018-0A1-005866,2,,,,
2018-0A2-003572,2,,,,
2018-0A6-002932,2,,,,
2018-0A6-003945,2,,,,
2018-0A6-008508,2,,,,
2018-0B3-002966,2,,,,
2018-0B3-009358,2,,,,
2018-0C5-001680,2,,,,
2018-0C6-009472,2,,,,
2018-0D3-000816,2,,,,
2018-0D3-005942,2,,,,
2018-0D3-007433,2,,,,
2018-0D4-001680,2,,,,
2018-0D4-001874,2,,,,
2018-0D4-002845,2,,,,
2018-0D4-003927,2,,,,
2018-0D4-004538,2,,,,
2018-0D4-004747,2,,,,
2018-0D4-005333,2,,,,
2018-0D4-006390,2,,,,
2018-0D4-006672,2,,,,
2018-0D4-006746,2,,,,
2018-0D4-007079,2,,,,
2018-0D7-004377,2,,,,
2018-0E4-000609,2,,,,
2018-0E4-003122,2,,,,
2018-0F1-002024,2,,,,
2018-0F1-004712,2,,,,
2018-0F1-005822,2,,,,
2018-0F1-006275,2,,,,
2018-0F1-011008,2,,,,
2018-0F1-011016,2,,,,
2018-0F1-012311,2,,,,
2018-0F1-012413,2,,,,
2018-0F1-012537,2,,,,
2018-0F1-013305,2,,,,
2018-0F1-015563,2,,,,
2018-0F1-015948,2,,,,
2018-0F1-016891,2,,,,
2018-0F1-020828,2,,,,
2018-0F1-021930,2,,,,
2018-0F1-023494,2,,,,
2018-0F1-025874,2,,,,
2018-0F1-037056,2,,,,
2018-0F1-039061,2,,,,
2018-0F1-039071,2,,,,
2018-0F1-041723,2,,,,
2018-0F1-043122,2,,,,
2018-0F1-044249,2,,,,
2018-0F1-044267,2,,,,
2018-0F1-044761,2,,,,
2018-0F1-044920,2,,,,
2018-0F1-045728,2,,,,
2018-0F1-046045,2,,,,
2018-0F1-046274,2,,,,
2018-0F1-046467,2,,,,
2018-0F1-046910,2,,,,
2018-0F1-047897,2,,,,
2018-0F1-047904,2,,,,
2018-0F1-048000,2,,,,
2018-0F1-048517,2,,,,
2018-0F1-048522,2,,,,
2018-0F1-049656,2,,,,
2018-0F1-049808,2,,,,
2018-0F1-051906,2,,,,
2018-0F1-052319,2,,,,
2018-0F1-052320,2,,,,
2018-0H1-003125,2,,,,
2018-0H1-003181,2,,,,
2018-0H3-001075,2,,,,
2018-0H3-001252,2,,,,
2018-0H3-001706,2,,,,
2018-0H3-001802,2,,,,
2018-0H4-001623,2,,,,
2018-0H4-001752,2,,,,
2018-0H4-001797,2,,,,
2018-0H4-003858,2,,,,
2018-0H4-004168,2,,,,
2018-0H4-004696,2,,,,
2018-0H4-005167,2,,,,
2018-0H4-005395,2,,,,
2018-0H4-005397,2,,,,
2018-0H4-006982,2,,,,
2018-0H4-007053,2,,,,
2018-0H5-003609,2,,,,
2018-0H5-005573,2,,,,
2018-0H5-005796,2,,,,
2018-0H5-005951,2,,,,
2018-0H5-008071,2,,,,
2018-0H6-001029,2,,,,
2018-0H6-003238,2,,,,
2018-0H6-003369,2,,,,
2018-0H6-004672,2,,,,
2018-0H6-005526,2,,,,
2018-0H6-007817,2,,,,
2018-0H7-000597,2,,,,
2018-0H7-004748,2,,,,
2018-0H9-000420,2,,,,
2018-0H9-002506,2,,,,
2018-0H9-002991,2,,,,
2018-0H9-003245,2,,,,
2018-0H9-004212,2,,,,
2018-0H9-004294,2,,,,
2018-0H9-004430,2,,,,
2018-0H9-004480,2,,,,
2018-0H9-004539,2,,,,
2018-0H9-004547,2,,,,
2018-0H9-004557,2,,,,
2018-0H9-004734,2,,,,
2018-0H9-004815,2,,,,
2018-0H9-005465,2,,,,
2018-0H9-005540,2,,,,
2018-0H9-005703,2,,,,
2018-0H9-006367,2,,,,
2018-0H9-006583,2,,,,
2018-0H9-006584,2,,,,
2018-0H9-006644,2,,,,
2018-0H9-006767,2,,,,
2018-GES-000061,2,,,,
2018-GES-000150,2,,,,
2018-GES-000788,2,,,,
2019-0A2-004519,2,,,,
2019-0A4-002869,2,,,,
2019-0A4-005855,2,,,,
2019-0A4-006952,2,,,,
2019-0A4-007797,2,,,,
2019-0A5-005334,2,,,,
2019-0A5-006160,2,,,,
2019-0A5-006293,2,,,,
2019-0A6-005158,2,,,,
2019-0B4-001882,2,,,,
2019-0C2-002063,2,,,,
2019-0C6-005026,2,,,,
2019-0D2-003045,2,,,,
2019-0D4-001060,2,,,,
2019-0D4-006124,2,,,,
2019-0F1-001272,2,,,,
2019-0F1-001273,2,,,,
2019-0F1-001310,2,,,,
2019-0F1-001572,2,,,,
2019-0F1-005333,2,,,,
2019-0F1-006913,2,,,,
2019-0F1-007403,2,,,,
2019-0F1-007623,2,,,,
2019-0F1-008339,2,,,,
2019-0F1-008835,2,,,,
2019-0F1-009324,2,,,,
2019-0F1-010374,2,,,,
2019-0F1-010508,2,,,,
2019-0F1-010975,2,,,,
2019-0F1-011595,2,,,,
2019-0F1-012439,2,,,,
2019-0F1-012792,2,,,,
2019-0F1-013661,2,,,,
2019-0F1-013779,2,,,,
2019-0F1-014568,2,,,,
2019-0F1-014637,2,,,,
2019-0F1-014654,2,,,,
2019-0F1-015049,2,,,,
2019-0F1-015761,2,,,,
2019-0F1-018118,2,,,,
2019-0F1-018281,2,,,,
2019-0F1-018538,2,,,,
2019-0F1-018684,2,,,,
2019-0F1-018877,2,,,,
2019-0F1-018881,2,,,,
2019-0F1-020866,2,,,,
2019-0F1-021254,2,,,,
2019-0F1-021255,2,,,,
2019-0F1-021464,2,,,,
2019-0F1-023368,2,,,,
2019-0F1-025199,2,,,,
2019-0F1-026382,2,,,,
2019-0F1-026582,2,,,,
2019-0F1-026712,2,,,,
2019-0F1-026716,2,,,,
2019-0F1-026877,2,,,,
2019-0F1-028262,2,,,,
2019-0F1-028543,2,,,,
2019-0F1-028848,2,,,,
2019-0F1-029529,2,,,,
2019-0F1-030693,2,,,,
2019-0F1-031168,2,,,,
2019-0F1-031926,2,,,,
2019-0F1-034559,2,,,,
2019-0F1-035594,2,,,,
2019-0F1-037203,2,,,,
2019-0F1-038887,2,,,,
2019-0F1-039328,2,,,,
2019-0F1-039714,2,,,,
2019-0F1-042208,2,,,,
2019-0F1-042636,2,,,,
2019-0F1-046490,2,,,,
2019-0F1-048544,2,,,,
2019-0F1-049300,2,,,,
2019-0F1-049613,2,,,,
2019-0F1-051346,2,,,,
2019-0F1-053986,2,,,,
2019-0F1-055162,2,,,,
2019-0F1-055551,2,,,,
2019-0F1-057072,2,,,,
2019-0F1-058459,2,,,,
2019-0F1-058460,2,,,,
2019-0F1-059093,2,,,,
2019-0F1-059482,2,,,,
2019-0F1-059674,2,,,,
2019-0F1-060838,2,,,,
2019-0F1-061402,2,,,,
2019-0F1-063182,2,,,,
2019-0F1-065379,2,,,,
2019-0F1-065567,2,,,,
2019-0F1-068671,2,,,,
2019-0H3-002000,2,,,,
2019-0H3-009763,2,,,,
2019-0H4-002436,2,,,,
2019-0H4-002789,2,,,,
2019-0H4-004339,2,,,,
2019-0H4-004600,2,,,,
2019-0H4-005093,2,,,,
2019-0H4-005669,2,,,,
2019-0H4-005787,2,,,,
2019-0H4-007034,2,,,,
2019-0H4-007140,2,,,,
2019-0H4-007530,2,,,,
2019-0H4-007719,2,,,,
2019-0H4-008481,2,,,,
2019-0H5-004058,2,,,,
2019-0H5-004364,2,,,,
2019-0H6-003864,2,,,,
2019-0H6-004716,2,,,,
2019-0H6-005762,2,,,,
2019-0H6-008601,2,,,,
2019-0H7-003209,2,,,,
2019-0H7-003938,2,,,,
2019-0H9-000013,2,,,,
2019-0H9-000235,2,,,,
2019-0H9-000474,2,,,,
2019-0H9-000611,2,,,,
2019-0H9-000676,2,,,,
2019-0H9-002169,2,,,,
2019-0H9-002580,2,,,,
2019-0H9-002813,2,,,,
2019-0H9-002859,2,,,,
2019-0H9-004153,2,,,,
2019-0H9-004551,2,,,,
2019-0H9-005508,2,,,,
2019-0H9-005769,2,,,,
2019-0H9-005992,2,,,,
2019-0H9-007868,2,,,,
2019-0H9-008041,2,,,,
2019-0H9-008294,2,,,,
2019-0H9-008718,2,,,,
2019-0H9-009068,2,,,,
2019-0H9-009270,2,,,,
2019-0H9-009300,2,,,,
2019-0H9-009646,2,,,,
2019-0H9-009763,2,,,,
2019-0H9-010371,2,,,,
2019-0H9-010400,2,,,,
2019-0H9-010440,2,,,,
2019-0H9-010473,2,,,,
2019-0H9-010556,2,,,,
2019-0H9-010723,2,,,,
2019-0H9-011378,2,,,,
2019-0H9-011391,2,,,,
2019-0H9-011457,2,,,,
2019-0H9-012075,2,,,,
2019-0H9-012360,2,,,,
2019-GEE-000343,2,,,,
2019-GES-000647,2,,,,
2019-GES-001686,2,,,,
2020-0A2-008638,2,,,,
2020-0A5-001641,2,,,,
2020-0A5-005228,2,,,,
2020-0A5-005486,2,,,,
2020-0A5-006955,2,,,,
2020-0C4-003089,2,,,,
2020-0C4-003268,2,,,,
2020-0C5-003176,2,,,,
2020-0D2-006326,2,,,,
2020-0D4-009344,2,,,,
2020-0D4-009592,2,,,,
2020-0F1-000214,2,,,,
2020-0F1-001192,2,,,,
2020-0F1-001853,2,,,,
2020-0F1-004525,2,,,,
2020-0F1-005682,2,,,,
2020-0F1-005688,2,,,,
2020-0F1-005714,2,,,,
2020-0F1-005738,2,,,,
2020-0F1-005925,2,,,,
2020-0F1-006761,2,,,,
2020-0F1-008555,2,,,,
2020-0F1-008923,2,,,,
2020-0F1-009225,2,,,,
2020-0F1-010458,2,,,,
2020-0F1-010582,2,,,,
2020-0F1-011093,2,,,,
2020-0F1-011650,2,,,,
2020-0F1-011987,2,,,,
2020-0F1-012341,2,,,,
2020-0F1-012752,2,,,,
2020-0F1-013119,2,,,,
2020-0F1-013429,2,,,,
2020-0F1-013626,2,,,,
2020-0F1-014005,2,,,,
2020-0F1-015231,2,,,,
2020-0F1-015271,2,,,,
2020-0F1-015329,2,,,,
2020-0F1-015687,2,,,,
2020-0F1-017362,2,,,,
2020-0F1-018110,2,,,,
2020-0F1-018493,2,,,,
2020-0F1-018898,2,,,,
2020-0F1-018968,2,,,,
2020-0F1-019051,2,,,,
2020-0F1-019144,2,,,,
2020-0F1-019201,2,,,,
2020-0F1-019225,2,,,,
2020-0F1-019227,2,,,,
2020-0F1-019748,2,,,,
2020-0F1-020000,2,,,,
2020-0F1-020393,2,,,,
2020-0F1-020741,2,,,,
2020-0F1-020848,2,,,,
2020-0F1-021264,2,,,,
2020-0F1-021568,2,,,,
2020-0F1-022356,2,,,,
2020-0F1-022654,2,,,,
2020-0F1-022684,2,,,,
2020-0F1-023985,2,,,,
2020-0F1-024247,2,,,,
2020-0F1-024333,2,,,,
2020-0F1-024448,2,,,,
2020-0F1-025087,2,,,,
2020-0F1-025088,2,,,,
2020-0F1-026085,2,,,,
2020-0F1-026993,2,,,,
2020-0F1-027369,2,,,,
2020-0F1-027518,2,,,,
2020-0F1-027601,2,,,,
2020-0F1-027677,2,,,,
2020-0F1-028418,2,,,,
2020-0F1-028444,2,,,,
2020-0F1-029616,2,,,,
2020-0F1-030402,2,,,,
2020-0F1-030484,2,,,,
2020-0F1-031273,2,,,,
2020-0F1-032657,2,,,,
2020-0F1-033247,2,,,,
2020-0F1-033572,2,,,,
2020-0F1-033654,2,,,,
2020-0F1-034420,2,,,,
2020-0F1-034738,2,,,,
2020-0F1-036002,2,,,,
2020-0F1-036344,2,,,,
2020-0F1-036854,2,,,,
2020-0F1-038667,2,,,,
2020-0F1-039343,2,,,,
2020-0F1-039991,2,,,,
2020-0F1-042725,2,,,,
2020-0F1-045476,2,,,,
2020-0F1-045481,2,,,,
2020-0F1-045797,2,,,,
2020-0F1-046489,2,,,,
2020-0F1-046513,2,,,,
2020-0F1-046555,2,,,,
2020-0F1-047513,2,,,,
2020-0F1-047678,2,,,,
2020-0F1-047954,2,,,,
2020-0F1-048275,2,,,,
2020-0F1-048913,2,,,,
2020-0F1-049829,2,,,,
2020-0F1-049936,2,,,,
2020-0F1-049985,2,,,,
2020-0F1-050100,2,,,,
2020-0F1-050285,2,,,,
2020-0F1-050456,2,,,,
2020-0F1-050810,2,,,,
2020-0F1-050829,2,,,,
2020-0F1-050988,2,,,,
2020-0F1-051281,2,,,,
2020-0F1-051588,2,,,,
2020-0F1-051589,2,,,,
2020-0F1-051842,2,,,,
2020-0F1-051910,2,,,,
2020-0F1-052582,2,,,,
2020-0F1-052615,2,,,,
2020-0F1-052743,2,,,,
2020-0F1-052849,2,,,,
2020-0F1-053090,2,,,,
2020-0F1-053214,2,,,,
2020-0F1-053697,2,,,,
2020-0F1-053832,2,,,,
2020-0F1-053886,2,,,,
2020-0F1-053920,2,,,,
2020-0F1-054122,2,,,,
2020-0F1-054600,2,,,,
2020-0F1-054625,2,,,,
2020-0F1-054659,2,,,,
2020-0F1-055076,2,,,,
2020-0F1-055215,2,,,,
2020-0F1-055324,2,,,,
2020-0F1-055669,2,,,,
2020-0F1-055674,2,,,,
2020-0F1-055830,2,,,,
2020-0F1-056253,2,,,,
2020-0F1-056379,2,,,,
2020-0F1-056642,2,,,,
2020-0F1-056760,2,,,,
2020-0F1-057021,2,,,,
2020-0F1-057083,2,,,,
2020-0F1-057287,2,,,,
2020-0F1-057477,2,,,,
2020-0F1-057810,2,,,,
2020-0F1-057969,2,,,,
2020-0F1-057981,2,,,,
2020-0F1-058113,2,,,,
2020-0F1-058165,2,,,,
2020-0F1-058410,2,,,,
2020-0F1-058731,2,,,,
2020-0F1-058984,2,,,,
2020-0F1-059151,2,,,,
2020-0F1-059568,2,,,,
2020-0F1-059583,2,,,,
2020-0F1-059654,2,,,,
2020-0F1-059824,2,,,,
2020-0F1-059936,2,,,,
2020-0F1-060502,2,,,,
2020-0F1-060620,2,,,,
2020-0F1-060805,2,,,,
2020-0F1-060865,2,,,,
2020-0F1-060971,2,,,,
2020-0F1-061230,2,,,,
2020-0F1-061571,2,,,,
2020-0F1-061659,2,,,,
2020-0F1-061958,2,,,,
2020-0F1-062050,2,,,,
2020-0F1-062194,2,,,,
2020-0F1-062220,2,,,,
2020-0F1-062367,2,,,,
2020-0F1-062479,2,,,,
2020-0F1-063446,2,,,,
2020-0F1-063494,2,,,,
2020-0F1-063754,2,,,,
2020-0F1-063975,2,,,,
2020-0F1-064069,2,,,,
2020-0F1-064188,2,,,,
2020-0F1-064286,2,,,,
2020-0F1-064365,2,,,,
2020-0F1-064638,2,,,,
2020-0F1-064670,2,,,,
2020-0F1-064830,2,,,,
2020-0H1-001936,2,,,,
2020-0H1-002442,2,,,,
2020-0H1-002895,2,,,,
2020-0H1-002996,2,,,,
2020-0H4-000886,2,,,,
2020-0H4-000932,2,,,,
2020-0H4-001228,2,,,,
2020-0H4-001662,2,,,,
2020-0H4-001867,2,,,,
2020-0H4-001916,2,,,,
2020-0H4-002956,2,,,,
2020-0H4-003265,2,,,,
2020-0H4-003294,2,,,,
2020-0H4-003400,2,,,,
2020-0H4-003459,2,,,,
2020-0H4-003849,2,,,,
2020-0H4-003864,2,,,,
2020-0H4-003895,2,,,,
2020-0H4-003974,2,,,,
2020-0H4-004015,2,,,,
2020-0H4-004017,2,,,,
2020-0H4-004067,2,,,,
2020-0H4-004075,2,,,,
2020-0H4-004159,2,,,,
2020-0H4-004197,2,,,,
2020-0H4-004198,2,,,,
2020-0H4-004213,2,,,,
2020-0H4-004398,2,,,,
2020-0H4-004525,2,,,,
2020-0H4-004864,2,,,,
2020-0H4-005217,2,,,,
2020-0H4-005231,2,,,,
2020-0H4-005751,2,,,,
2020-0H4-005888,2,,,,
2020-0H4-006272,2,,,,
2020-0H4-006283,2,,,,
2020-0H4-006286,2,,,,
2020-0H4-006321,2,,,,
2020-0H4-006794,2,,,,
2020-0H4-006982,2,,,,
2020-0H4-007065,2,,,,
2020-0H4-007353,2,,,,
2020-0H4-007366,2,,,,
2020-0H4-007875,2,,,,
2020-0H4-008080,2,,,,
2020-0H4-008123,2,,,,
2020-0H4-008127,2,,,,
2020-0H4-008323,2,,,,
2020-0H4-008550,2,,,,
2020-0H4-008651,2,,,,
2020-0H4-008701,2,,,,
2020-0H4-008782,2,,,,
2020-0H4-009274,2,,,,
2020-0H4-009524,2,,,,
2020-0H4-009625,2,,,,
2020-0H4-009758,2,,,,
2020-0H4-010011,2,,,,
2020-0H4-010019,2,,,,
2020-0H4-010115,2,,,,
2020-0H4-010945,2,,,,
2020-0H4-011099,2,,,,
2020-0H4-011602,2,,,,
2020-0H4-011848,2,,,,
2020-0H4-011898,2,,,,
2020-0H4-011913,2,,,,
2020-0H4-011942,2,,,,
2020-0H4-013127,2,,,,
2020-0H4-013656,2,,,,
2020-0H4-013729,2,,,,
2020-0H4-013974,2,,,,
2020-0H4-014404,2,,,,
2020-0H6-005693,2,,,,
2020-0H6-006262,2,,,,
2020-0H6-006290,2,,,,
2020-0H6-006303,2,,,,
2020-0H6-006600,2,,,,
2020-0H6-006881,2,,,,
2020-0H6-007311,2,,,,
2020-0H6-007654,2,,,,
2020-0H6-007706,2,,,,
2020-0H6-007711,2,,,,
2020-0H6-007947,2,,,,
2020-0H6-008861,2,,,,
2020-0H7-001515,2,,,,
2020-0H7-005247,2,,,,
2020-0H7-006398,2,,,,
2020-0H9-000099,2,,,,
2020-0H9-001186,2,,,,
2020-0H9-001249,2,,,,
2020-0H9-002191,2,,,,
2020-0H9-002196,2,,,,
2020-0H9-002631,2,,,,
2020-0H9-002763,2,,,,
2020-0H9-002780,2,,,,
2020-0H9-002812,2,,,,
2020-0H9-004141,2,,,,
2020-0H9-004149,2,,,,
2020-0H9-004312,2,,,,
2020-0H9-004351,2,,,,
2020-0H9-004374,2,,,,
2020-0H9-005745,2,,,,
2020-0H9-006056,2,,,,
2020-0H9-006536,2,,,,
2020-0H9-006850,2,,,,
2020-0H9-009649,2,,,,
2020-0H9-010161,2,,,,
2020-TK9-000446,2,,,,
2020-TK9-001490,2,,,,
2020-TK9-001666,2,,,,
2020-TK9-002431,2,,,,
2020-TST-000147,2,,,,
2021-0A5-002305,2,,,,
2021-0D4-000417,2,,,,
2021-0D4-001100,2,,,,
2021-0F1-000211,2,,,,
2021-0F1-000233,2,,,,
2021-0F1-000573,2,,,,
2021-0F1-000733,2,,,,
2021-0F1-000751,2,,,,
2021-0F1-001400,2,,,,
2021-0F1-001631,2,,,,
2021-0F1-001707,2,,,,
2021-0F1-002025,2,,,,
2021-0F1-002170,2,,,,
2021-0F1-002570,2,,,,
2021-0F1-002759,2,,,,
2021-0F1-003080,2,,,,
2021-0F1-003081,2,,,,
2021-0F1-003219,2,,,,
2021-0F1-003245,2,,,,
2021-0F1-003285,2,,,,
2021-0F1-003762,2,,,,
2021-0F1-004153,2,,,,
2021-0F1-004216,2,,,,
2021-0F1-004345,2,,,,
2021-0F1-004468,2,,,,
2021-0F1-004857,2,,,,
2021-0F1-004897,2,,,,
2021-0F1-005102,2,,,,
2021-0F1-005450,2,,,,
2021-0F1-005483,2,,,,
2021-0F1-005526,2,,,,
2021-0F1-005545,2,,,,
2021-0F1-005705,2,,,,
2021-0F1-006062,2,,,,
2021-0F1-006524,2,,,,
2021-0F1-007174,2,,,,
2021-0F1-007186,2,,,,
2021-0F1-007471,2,,,,
2021-0F1-007532,2,,,,
2021-0F1-007649,2,,,,
2021-0F1-008057,2,,,,
2021-0F1-008080,2,,,,
2021-0F1-008974,2,,,,
2021-0F1-009490,2,,,,
2021-0F1-010001,2,,,,
2021-0F1-010396,2,,,,
2021-0F1-012673,2,,,,
2021-0F1-014281,2,,,,
2021-0F1-014598,2,,,,
2021-0F1-014952,2,,,,
2021-0F1-015149,2,,,,
2021-0F1-015543,2,,,,
2021-0F1-015611,2,,,,
2021-0F1-015655,2,,,,
2021-0F1-015882,2,,,,
2021-0F1-016120,2,,,,
2021-0F1-016490,2,,,,
2021-0F1-016814,2,,,,
2021-0F1-016848,2,,,,
2021-0F1-017061,2,,,,
2021-0F1-017392,2,,,,
2021-0F1-017422,2,,,,
2021-0F1-017539,2,,,,
2021-0F1-017729,2,,,,
2021-0F1-017891,2,,,,
2021-0F1-018119,2,,,,
2021-0F1-018237,2,,,,
2021-0F1-018333,2,,,,
2021-0F1-018727,2,,,,
2021-0F1-018901,2,,,,
2021-0F1-019594,2,,,,
2021-0H1-000053,2,,,,
2021-0H4-000248,2,,,,
2021-0H4-002217,2,,,,
2021-0H4-002454,2,,,,
2021-0H4-002733,2,,,,
2021-0H4-003132,2,,,,
2021-0H4-003239,2,,,,
2021-0H4-003419,2,,,,
2021-0H4-003977,2,,,,
2021-0H4-004243,2,,,,
2021-0H4-004409,2,,,,
2021-0H4-004813,2,,,,
2021-0H6-000773,2,,,,
2021-0H6-002087,2,,,,
2021-0H9-000204,2,,,,
2021-0H9-000638,2,,,,
2021-0H9-001819,2,,,,
2021-0H9-002365,2,,,,
2021-0H9-002530,2,,,,
2021-0H9-002535,2,,,,
2021-TK9-000768,2,,,,
2016-0A1-007823,1,,,,
2016-0A1-009753,1,,,,
2016-0A1-009783,1,,,,
2016-0A4-005258,1,,,,
2016-0A4-005422,1,,,,
2016-0A4-005516,1,,,,
2016-0A5-005566,1,,,,
2016-0A5-006193,1,,,,
2016-0A6-005757,1,,,,
2016-0AH-000809,1,,,,
2016-0B6-005259,1,,,,
2016-0C3-003122,1,,,,
2016-0C4-003336,1,,,,
2016-0C5-001034,1,,,,
2016-0C5-001432,1,,,,
2016-0C5-002622,1,,,,
2016-0C5-003561,1,,,,
2016-0D1-001268,1,,,,
2016-0D2-001242,1,,,,
2016-0D3-001459,1,,,,
2016-0D3-002194,1,,,,
2016-0D3-005357,1,,,,
2016-0D3-005379,1,,,,
2016-0D4-002811,1,,,,
2016-0D4-004402,1,,,,
2016-0D4-004403,1,,,,
2016-0D4-004652,1,,,,
2016-0D4-004723,1,,,,
2016-0D4-004837,1,,,,
2016-0D4-004991,1,,,,
2016-0D4-005096,1,,,,
2016-0D4-005329,1,,,,
2016-0D4-005470,1,,,,
2016-0D4-005595,1,,,,
2016-0E2-005793,1,,,,
2016-0E4-004555,1,,,,
2016-0E4-006720,1,,,,
2016-0E4-006850,1,,,,
2016-0E4-006966,1,,,,
2016-0E4-007135,1,,,,
2016-0E4-008220,1,,,,
2016-0E4-009830,1,,,,
2016-0E4-011027,1,,,,
2016-0F1-001657,1,,,,
2016-0F1-005809,1,,,,
2016-0F1-006390,1,,,,
2016-0F1-006934,1,,,,
2016-0F1-007038,1,,,,
2016-0F1-007933,1,,,,
2016-0F1-008164,1,,,,
2016-0F1-009069,1,,,,
2016-0F1-009450,1,,,,
2016-0F1-010733,1,,,,
2016-0F1-011011,1,,,,
2016-0F1-011241,1,,,,
2016-0F1-012135,1,,,,
2016-0F1-012227,1,,,,
2016-0F1-012497,1,,,,
2016-0F1-013307,1,,,,
2016-0F1-013546,1,,,,
2016-0F1-014691,1,,,,
2016-0F1-019828,1,,,,
2016-0F1-021004,1,,,,
2016-0F1-023210,1,,,,
2016-0F1-025714,1,,,,
2016-0F1-026471,1,,,,
2016-0F1-029986,1,,,,
2016-0F1-030777,1,,,,
2016-0F1-032781,1,,,,
2016-0F1-034548,1,,,,
2016-0F1-036653,1,,,,
2016-0F1-037941,1,,,,
2016-0F1-038055,1,,,,
2016-0F1-039476,1,,,,
2016-0F1-040201,1,,,,
2016-0F1-040394,1,,,,
2016-0F1-040645,1,,,,
2016-0H3-000628,1,,,,
2016-0H3-001123,1,,,,
2016-0H3-003381,1,,,,
2016-0H3-003383,1,,,,
2016-0H3-005800,1,,,,
2016-0H3-005867,1,,,,
2016-0H3-005869,1,,,,
2016-0H3-005997,1,,,,
2016-0H3-006002,1,,,,
2016-0H3-006320,1,,,,
2016-0H3-007349,1,,,,
2016-0H3-007874,1,,,,
2016-0H4-000386,1,,,,
2016-0H4-000426,1,,,,
2016-0H4-000833,1,,,,
2016-0H4-001146,1,,,,
2016-0H4-001355,1,,,,
2016-0H4-001655,1,,,,
2016-0H4-001940,1,,,,
2016-0H4-002206,1,,,,
2016-0H4-002303,1,,,,
2016-0H4-002530,1,,,,
2016-0H4-002576,1,,,,
2016-0H4-002669,1,,,,
2016-0H4-002846,1,,,,
2016-0H4-003010,1,,,,
2016-0H4-003083,1,,,,
2016-0H4-003131,1,,,,
2016-0H4-003220,1,,,,
2016-0H4-003244,1,,,,
2016-0H4-003598,1,,,,
2016-0H4-003725,1,,,,
2016-0H4-003818,1,,,,
2016-0H4-004400,1,,,,
2016-0H4-004528,1,,,,
2016-0H4-004532,1,,,,
2016-0H4-004633,1,,,,
2016-0H4-004842,1,,,,
2016-0H4-004849,1,,,,
2016-0H4-005056,1,,,,
2016-0H4-005290,1,,,,
2016-0H4-005503,1,,,,
2016-0H4-005845,1,,,,
2016-0H4-006129,1,,,,
2016-0H4-006498,1,,,,
2016-0H4-006627,1,,,,
2016-0H4-006766,1,,,,
2016-0H4-007328,1,,,,
2016-0H4-007630,1,,,,
2016-0H4-007786,1,,,,
2016-0H5-001534,1,,,,
2016-0H5-002571,1,,,,
2016-0H5-003851,1,,,,
2016-0H5-004561,1,,,,
2016-0H5-004585,1,,,,
2016-0H5-006302,1,,,,
2016-0H5-008153,1,,,,
2016-0H5-008488,1,,,,
2016-0H5-008683,1,,,,
2016-0H5-009411,1,,,,
2016-0H6-000101,1,,,,
2016-0H6-001170,1,,,,
2016-0H6-001375,1,,,,
2016-0H6-001377,1,,,,
2016-0H6-001532,1,,,,
2016-0H6-001746,1,,,,
2016-0H6-001929,1,,,,
2016-0H6-002013,1,,,,
2016-0H6-002500,1,,,,
2016-0H6-002850,1,,,,
2016-0H6-003192,1,,,,
2016-0H6-003228,1,,,,
2016-0H6-003348,1,,,,
2016-0H6-003686,1,,,,
2016-0H6-003737,1,,,,
2016-0H6-003742,1,,,,
2016-0H6-003743,1,,,,
2016-0H6-003932,1,,,,
2016-0H6-003979,1,,,,
2016-0H6-004478,1,,,,
2016-0H6-004615,1,,,,
2016-0H6-004632,1,,,,
2016-0H6-004793,1,,,,
2016-0H6-005318,1,,,,
2016-0H6-005937,1,,,,
2016-0H6-006080,1,,,,
2016-0H6-006306,1,,,,
2016-0H6-006378,1,,,,
2016-0H6-006570,1,,,,
2016-0H6-007093,1,,,,
2016-0H7-006121,1,,,,
2016-0H7-006806,1,,,,
2016-GEU-000296,1,,,,
2016-GEU-000857,1,,,,
2016-GEU-000904,1,,,,
2016-GEU-001138,1,,,,
2016-GEU-001200,1,,,,
2016-GEU-001261,1,,,,
2016-GEU-001346,1,,,,
2016-GEU-001467,1,,,,
2016-GEU-001689,1,,,,
2017-0A1-000062,1,,,,
2017-0A1-005487,1,,,,
2017-0A2-003357,1,,,,
2017-0A2-004131,1,,,,
2017-0A2-006188,1,,,,
2017-0A3-001033,1,,,,
2017-0A3-001647,1,,,,
2017-0A4-000687,1,,,,
2017-0A4-004590,1,,,,
2017-0A4-007844,1,,,,
2017-0A5-001225,1,,,,
2017-0A5-002059,1,,,,
2017-0A5-002097,1,,,,
2017-0A5-002170,1,,,,
2017-0A5-002179,1,,,,
2017-0A5-002235,1,,,,
2017-0A5-002680,1,,,,
2017-0A5-004786,1,,,,
2017-0A5-005026,1,,,,
2017-0A5-005101,1,,,,
2017-0A5-005635,1,,,,
2017-0A5-006893,1,,,,
2017-0A6-005573,1,,,,
2017-0A6-008351,1,,,,
2017-0AH-000443,1,,,,
2017-0AH-001018,1,,,,
2017-0B1-004255,1,,,,
2017-0B1-007058,1,,,,
2017-0B1-007947,1,,,,
2017-0B2-005132,1,,,,
2017-0B2-005173,1,,,,
2017-0B4-003357,1,,,,
2017-0BH-000752,1,,,,
2017-0BH-000758,1,,,,
2017-0C1-006344,1,,,,
2017-0C2-001943,1,,,,
2017-0C5-001767,1,,,,
2017-0C5-002022,1,,,,
2017-0C7-001500,1,,,,
2017-0D1-000603,1,,,,
2017-0D4-000819,1,,,,
2017-0D4-001245,1,,,,
2017-0D4-003022,1,,,,
2017-0D4-003352,1,,,,
2017-0D4-003478,1,,,,
2017-0D4-003673,1,,,,
2017-0D4-003764,1,,,,
2017-0D4-003875,1,,,,
2017-0D4-004397,1,,,,
2017-0D4-004947,1,,,,
2017-0D4-005008,1,,,,
2017-0D4-005058,1,,,,
2017-0D4-005438,1,,,,
2017-0D4-005441,1,,,,
2017-0DH-001292,1,,,,
2017-0E1-003193,1,,,,
2017-0E4-004729,1,,,,
2017-0E4-004979,1,,,,
2017-0E4-006574,1,,,,
2017-0E4-007432,1,,,,
2017-0E4-007898,1,,,,
2017-0E4-008128,1,,,,
2017-0E4-008129,1,,,,
2017-0E4-008302,1,,,,
2017-0E4-008978,1,,,,
2017-0E4-009176,1,,,,
2017-0E4-009268,1,,,,
2017-0E4-009291,1,,,,
2017-0E4-009707,1,,,,
2017-0E4-011387,1,,,,
2017-0E4-011391,1,,,,
2017-0F1-000870,1,,,,
2017-0F1-001332,1,,,,
2017-0F1-007374,1,,,,
2017-0F1-008580,1,,,,
2017-0F1-009475,1,,,,
2017-0F1-011893,1,,,,
2017-0F1-013225,1,,,,
2017-0F1-016389,1,,,,
2017-0F1-016448,1,,,,
2017-0F1-016899,1,,,,
2017-0F1-018478,1,,,,
2017-0F1-018807,1,,,,
2017-0F1-019460,1,,,,
2017-0F1-020810,1,,,,
2017-0F1-023505,1,,,,
2017-0F1-023638,1,,,,
2017-0F1-038277,1,,,,
2017-0F1-038576,1,,,,
2017-0F1-040084,1,,,,
2017-0F1-041277,1,,,,
2017-0F1-044413,1,,,,
2017-0F1-045651,1,,,,
2017-0H1-002170,1,,,,
2017-0H3-000262,1,,,,
2017-0H3-000819,1,,,,
2017-0H3-000862,1,,,,
2017-0H3-001182,1,,,,
2017-0H3-002795,1,,,,
2017-0H3-004887,1,,,,
2017-0H3-005243,1,,,,
2017-0H3-006784,1,,,,
2017-0H3-008127,1,,,,
2017-0H4-000218,1,,,,
2017-0H4-000936,1,,,,
2017-0H4-001913,1,,,,
2017-0H4-002145,1,,,,
2017-0H4-002684,1,,,,
2017-0H4-003041,1,,,,
2017-0H4-003160,1,,,,
2017-0H4-003289,1,,,,
2017-0H4-003312,1,,,,
2017-0H4-003394,1,,,,
2017-0H4-003406,1,,,,
2017-0H4-003533,1,,,,
2017-0H4-003590,1,,,,
2017-0H4-003591,1,,,,
2017-0H4-003784,1,,,,
2017-0H4-003801,1,,,,
2017-0H4-003831,1,,,,
2017-0H4-003850,1,,,,
2017-0H4-003852,1,,,,
2017-0H4-004004,1,,,,
2017-0H4-004039,1,,,,
2017-0H4-004069,1,,,,
2017-0H4-004152,1,,,,
2017-0H4-004160,1,,,,
2017-0H4-004308,1,,,,
2017-0H4-004340,1,,,,
2017-0H4-004481,1,,,,
2017-0H4-004492,1,,,,
2017-0H4-004535,1,,,,
2017-0H4-004736,1,,,,
2017-0H4-004738,1,,,,
2017-0H4-004815,1,,,,
2017-0H4-004841,1,,,,
2017-0H4-004958,1,,,,
2017-0H4-005079,1,,,,
2017-0H4-005080,1,,,,
2017-0H4-005161,1,,,,
2017-0H4-005172,1,,,,
2017-0H4-005242,1,,,,
2017-0H4-005334,1,,,,
2017-0H4-005563,1,,,,
2017-0H4-005644,1,,,,
2017-0H4-005661,1,,,,
2017-0H4-005690,1,,,,
2017-0H4-005732,1,,,,
2017-0H4-005766,1,,,,
2017-0H4-005786,1,,,,
2017-0H4-005896,1,,,,
2017-0H4-005934,1,,,,
2017-0H4-005960,1,,,,
2017-0H4-005995,1,,,,
2017-0H4-006012,1,,,,
2017-0H4-006199,1,,,,
2017-0H4-006364,1,,,,
2017-0H4-006568,1,,,,
2017-0H4-006803,1,,,,
2017-0H4-006939,1,,,,
2017-0H5-000848,1,,,,
2017-0H5-003386,1,,,,
2017-0H5-003738,1,,,,
2017-0H5-004547,1,,,,
2017-0H5-005686,1,,,,
2017-0H5-006308,1,,,,
2017-0H5-006320,1,,,,
2017-0H5-006993,1,,,,
2017-0H5-007032,1,,,,
2017-0H5-007620,1,,,,
2017-0H5-009145,1,,,,
2017-0H6-001787,1,,,,
2017-0H6-002145,1,,,,
2017-0H6-002183,1,,,,
2017-0H6-002652,1,,,,
2017-0H6-003448,1,,,,
2017-0H6-004456,1,,,,
2017-0H6-005196,1,,,,
2017-0H6-005242,1,,,,
2017-0H6-005311,1,,,,
2017-0H6-005315,1,,,,
2017-0H6-005481,1,,,,
2017-0H6-005818,1,,,,
2017-0H6-006815,1,,,,
2017-0H7-003147,1,,,,
2017-0H7-003891,1,,,,
2017-0H7-004322,1,,,,
2017-0H7-004338,1,,,,
2017-0H7-004348,1,,,,
2017-0H7-004518,1,,,,
2017-0H7-005523,1,,,,
2017-0H7-005657,1,,,,
2017-0H7-005858,1,,,,
2017-0H7-006432,1,,,,
2017-GEU-000127,1,,,,
2017-GEU-001888,1,,,,
2017-GEU-002590,1,,,,
2018-0A1-012334,1,,,,
2018-0A4-001213,1,,,,
2018-0A4-003858,1,,,,
2018-0A4-006659,1,,,,
2018-0A5-003408,1,,,,
2018-0A5-003470,1,,,,
2018-0A5-004475,1,,,,
2018-0A5-004478,1,,,,
2018-0A5-005144,1,,,,
2018-0A5-005938,1,,,,
2018-0A5-006063,1,,,,
2018-0A5-007083,1,,,,
2018-0A5-008584,1,,,,
2018-0A6-003901,1,,,,
2018-0A6-003947,1,,,,
2018-0A6-006073,1,,,,
2018-0A6-007592,1,,,,
2018-0A6-007696,1,,,,
2018-0B2-001086,1,,,,
2018-0B3-006894,1,,,,
2018-0B3-008974,1,,,,
2018-0B4-003472,1,,,,
2018-0B6-003718,1,,,,
2018-0B6-008704,1,,,,
2018-0BH-000838,1,,,,
2018-0C5-000008,1,,,,
2018-0C5-000063,1,,,,
2018-0C5-005063,1,,,,
2018-0C6-003836,1,,,,
2018-0C7-003506,1,,,,
2018-0C7-005032,1,,,,
2018-0C9-003504,1,,,,
2018-0C9-003625,1,,,,
2018-0CX-003904,1,,,,
2018-0D2-002672,1,,,,
2018-0D3-002989,1,,,,
2018-0D4-001681,1,,,,
2018-0D4-002436,1,,,,
2018-0D4-002511,1,,,,
2018-0D4-002534,1,,,,
2018-0D4-002669,1,,,,
2018-0D4-002705,1,,,,
2018-0D4-002902,1,,,,
2018-0D4-002904,1,,,,
2018-0D4-003731,1,,,,
2018-0D4-003924,1,,,,
2018-0D4-004102,1,,,,
2018-0D4-005193,1,,,,
2018-0D4-005194,1,,,,
2018-0D4-005555,1,,,,
2018-0D4-006892,1,,,,
2018-0D4-007146,1,,,,
2018-0D4-007346,1,,,,
2018-0D4-007789,1,,,,
2018-0D7-004467,1,,,,
2018-0D7-007372,1,,,,
2018-0D7-007530,1,,,,
2018-0D7-007737,1,,,,
2018-0DH-000696,1,,,,
2018-0DH-000819,1,,,,
2018-0E1-002938,1,,,,
2018-0E4-001162,1,,,,
2018-0E4-001814,1,,,,
2018-0F1-000176,1,,,,
2018-0F1-000540,1,,,,
2018-0F1-000548,1,,,,
2018-0F1-002464,1,,,,
2018-0F1-002497,1,,,,
2018-0F1-002714,1,,,,
2018-0F1-005273,1,,,,
2018-0F1-005762,1,,,,
2018-0F1-005983,1,,,,
2018-0F1-006050,1,,,,
2018-0F1-006878,1,,,,
2018-0F1-007395,1,,,,
2018-0F1-007719,1,,,,
2018-0F1-007733,1,,,,
2018-0F1-007886,1,,,,
2018-0F1-008548,1,,,,
2018-0F1-008660,1,,,,
2018-0F1-009880,1,,,,
2018-0F1-010869,1,,,,
2018-0F1-011191,1,,,,
2018-0F1-012301,1,,,,
2018-0F1-012474,1,,,,
2018-0F1-012872,1,,,,
2018-0F1-012903,1,,,,
2018-0F1-013014,1,,,,
2018-0F1-013022,1,,,,
2018-0F1-013409,1,,,,
2018-0F1-013789,1,,,,
2018-0F1-014662,1,,,,
2018-0F1-014776,1,,,,
2018-0F1-014933,1,,,,
2018-0F1-015822,1,,,,
2018-0F1-016477,1,,,,
2018-0F1-016479,1,,,,
2018-0F1-016496,1,,,,
2018-0F1-016500,1,,,,
2018-0F1-016751,1,,,,
2018-0F1-016866,1,,,,
2018-0F1-017051,1,,,,
2018-0F1-017473,1,,,,
2018-0F1-017923,1,,,,
2018-0F1-018615,1,,,,
2018-0F1-018913,1,,,,
2018-0F1-019660,1,,,,
2018-0F1-021017,1,,,,
2018-0F1-022776,1,,,,
2018-0F1-025037,1,,,,
2018-0F1-025384,1,,,,
2018-0F1-027175,1,,,,
2018-0F1-030546,1,,,,
2018-0F1-031114,1,,,,
2018-0F1-031955,1,,,,
2018-0F1-032639,1,,,,
2018-0F1-035111,1,,,,
2018-0F1-037533,1,,,,
2018-0F1-037985,1,,,,
2018-0F1-038328,1,,,,
2018-0F1-038488,1,,,,
2018-0F1-038622,1,,,,
2018-0F1-039981,1,,,,
2018-0F1-040169,1,,,,
2018-0F1-041782,1,,,,
2018-0F1-042249,1,,,,
2018-0F1-043261,1,,,,
2018-0F1-044259,1,,,,
2018-0F1-045274,1,,,,
2018-0F1-045276,1,,,,
2018-0F1-045280,1,,,,
2018-0F1-045740,1,,,,
2018-0F1-045744,1,,,,
2018-0F1-046909,1,,,,
2018-0F1-047332,1,,,,
2018-0F1-047383,1,,,,
2018-0F1-047522,1,,,,
2018-0F1-047712,1,,,,
2018-0F1-047983,1,,,,
2018-0F1-047991,1,,,,
2018-0F1-048002,1,,,,
2018-0F1-048005,1,,,,
2018-0F1-048006,1,,,,
2018-0F1-048007,1,,,,
2018-0F1-048040,1,,,,
2018-0F1-048152,1,,,,
2018-0F1-048212,1,,,,
2018-0F1-048316,1,,,,
2018-0F1-048324,1,,,,
2018-0F1-048332,1,,,,
2018-0F1-048480,1,,,,
2018-0F1-048492,1,,,,
2018-0F1-048965,1,,,,
2018-0F1-048968,1,,,,
2018-0F1-048992,1,,,,
2018-0F1-049268,1,,,,
2018-0F1-049276,1,,,,
2018-0F1-049277,1,,,,
2018-0F1-049280,1,,,,
2018-0F1-049312,1,,,,
2018-0F1-049411,1,,,,
2018-0F1-049431,1,,,,
2018-0F1-049441,1,,,,
2018-0F1-049444,1,,,,
2018-0F1-049453,1,,,,
2018-0F1-049489,1,,,,
2018-0F1-050285,1,,,,
2018-0F1-050627,1,,,,
2018-0F1-050628,1,,,,
2018-0F1-050629,1,,,,
2018-0F1-050631,1,,,,
2018-0F1-050678,1,,,,
2018-0F1-050803,1,,,,
2018-0F1-050811,1,,,,
2018-0F1-050849,1,,,,
2018-0F1-051341,1,,,,
2018-0F1-051710,1,,,,
2018-0F1-051721,1,,,,
2018-0F1-051733,1,,,,
2018-0F1-051776,1,,,,
2018-0F1-051786,1,,,,
2018-0F1-051882,1,,,,
2018-0F1-051888,1,,,,
2018-0F1-051893,1,,,,
2018-0F1-051933,1,,,,
2018-0H1-000301,1,,,,
2018-0H2-001863,1,,,,
2018-0H2-009654,1,,,,
2018-0H3-000520,1,,,,
2018-0H3-002327,1,,,,
2018-0H3-006843,1,,,,
2018-0H3-006965,1,,,,
2018-0H3-007243,1,,,,
2018-0H4-000148,1,,,,
2018-0H4-000258,1,,,,
2018-0H4-000660,1,,,,
2018-0H4-000763,1,,,,
2018-0H4-001250,1,,,,
2018-0H4-001515,1,,,,
2018-0H4-001516,1,,,,
2018-0H4-001796,1,,,,
2018-0H4-002184,1,,,,
2018-0H4-002220,1,,,,
2018-0H4-002574,1,,,,
2018-0H4-002897,1,,,,
2018-0H4-003004,1,,,,
2018-0H4-003187,1,,,,
2018-0H4-003188,1,,,,
2018-0H4-003528,1,,,,
2018-0H4-004196,1,,,,
2018-0H4-004707,1,,,,
2018-0H4-004784,1,,,,
2018-0H4-004901,1,,,,
2018-0H4-004963,1,,,,
2018-0H4-005048,1,,,,
2018-0H4-005159,1,,,,
2018-0H4-005161,1,,,,
2018-0H4-005340,1,,,,
2018-0H4-005653,1,,,,
2018-0H4-006049,1,,,,
2018-0H4-006093,1,,,,
2018-0H4-006101,1,,,,
2018-0H4-006189,1,,,,
2018-0H4-006265,1,,,,
2018-0H4-006563,1,,,,
2018-0H4-006686,1,,,,
2018-0H4-006713,1,,,,
2018-0H4-006757,1,,,,
2018-0H4-006812,1,,,,
2018-0H4-006964,1,,,,
2018-0H4-006965,1,,,,
2018-0H4-007058,1,,,,
2018-0H4-007110,1,,,,
2018-0H4-007124,1,,,,
2018-0H4-007402,1,,,,
2018-0H4-007442,1,,,,
2018-0H5-001156,1,,,,
2018-0H5-002065,1,,,,
2018-0H5-003807,1,,,,
2018-0H5-004892,1,,,,
2018-0H5-004894,1,,,,
2018-0H5-004924,1,,,,
2018-0H5-005802,1,,,,
2018-0H5-006511,1,,,,
2018-0H5-006724,1,,,,
2018-0H5-007296,1,,,,
2018-0H5-007763,1,,,,
2018-0H5-007847,1,,,,
2018-0H5-008750,1,,,,
2018-0H5-008770,1,,,,
2018-0H5-008970,1,,,,
2018-0H5-009046,1,,,,
2018-0H6-000267,1,,,,
2018-0H6-001069,1,,,,
2018-0H6-002510,1,,,,
2018-0H6-002782,1,,,,
2018-0H6-004520,1,,,,
2018-0H6-004634,1,,,,
2018-0H6-004646,1,,,,
2018-0H6-004847,1,,,,
2018-0H6-004901,1,,,,
2018-0H6-004906,1,,,,
2018-0H6-005729,1,,,,
2018-0H6-006388,1,,,,
2018-0H6-006534,1,,,,
2018-0H6-007487,1,,,,
2018-0H6-007510,1,,,,
2018-0H6-007539,1,,,,
2018-0H6-007570,1,,,,
2018-0H6-007696,1,,,,
2018-0H6-007705,1,,,,
2018-0H6-007774,1,,,,
2018-0H6-007778,1,,,,
2018-0H6-007785,1,,,,
2018-0H6-007868,1,,,,
2018-0H6-007890,1,,,,
2018-0H6-007892,1,,,,
2018-0H6-007946,1,,,,
2018-0H6-007995,1,,,,
2018-0H6-008091,1,,,,
2018-0H6-008474,1,,,,
2018-0H6-008616,1,,,,
2018-0H7-001419,1,,,,
2018-0H7-001747,1,,,,
2018-0H7-003160,1,,,,
2018-0H7-003698,1,,,,
2018-0H7-006140,1,,,,
2018-0H7-006141,1,,,,
2018-0H7-007721,1,,,,
2018-0H9-000631,1,,,,
2018-0H9-001907,1,,,,
2018-0H9-002993,1,,,,
2018-0H9-003049,1,,,,
2018-0H9-003304,1,,,,
2018-0H9-004397,1,,,,
2018-0H9-004540,1,,,,
2018-0H9-004541,1,,,,
2018-0H9-004542,1,,,,
2018-0H9-004714,1,,,,
2018-0H9-004864,1,,,,
2018-0H9-004894,1,,,,
2018-0H9-005230,1,,,,
2018-0H9-005249,1,,,,
2018-0H9-005273,1,,,,
2018-0H9-005517,1,,,,
2018-0H9-005711,1,,,,
2018-0H9-006133,1,,,,
2018-0H9-006244,1,,,,
2018-0H9-006385,1,,,,
2018-0H9-006426,1,,,,
2018-0H9-006518,1,,,,
2018-0H9-006796,1,,,,
2018-0H9-006807,1,,,,
2018-0H9-006840,1,,,,
2018-0H9-006892,1,,,,
2018-0H9-006944,1,,,,
2018-0H9-006986,1,,,,
2018-0H9-007030,1,,,,
2018-0H9-007035,1,,,,
2018-0H9-007038,1,,,,
2018-0H9-007042,1,,,,
2018-0H9-007057,1,,,,
2018-GES-000701,1,,,,
2018-GES-000943,1,,,,
2018-GES-002002,1,,,,
2018-GEU-003047,1,,,,
2019-0A1-000763,1,,,,
2019-0A1-001384,1,,,,
2019-0A1-006633,1,,,,
2019-0A1-009930,1,,,,
2019-0A3-007707,1,,,,
2019-0A4-005026,1,,,,
2019-0A4-006071,1,,,,
2019-0A5-000101,1,,,,
2019-0A5-001093,1,,,,
2019-0A5-002251,1,,,,
2019-0A5-004618,1,,,,
2019-0A5-004776,1,,,,
2019-0A5-005407,1,,,,
2019-0A5-005593,1,,,,
2019-0A5-005594,1,,,,
2019-0A5-005595,1,,,,
2019-0A5-006970,1,,,,
2019-0A5-008647,1,,,,
2019-0A6-002965,1,,,,
2019-0AH-000146,1,,,,
2019-0AH-001300,1,,,,
2019-0B3-007234,1,,,,
2019-0B6-004524,1,,,,
2019-0B6-009550,1,,,,
2019-0BH-000534,1,,,,
2019-0BH-001150,1,,,,
2019-0BH-001428,1,,,,
2019-0C2-000938,1,,,,
2019-0C4-001776,1,,,,
2019-0C6-001180,1,,,,
2019-0C6-001814,1,,,,
2019-0C7-002243,1,,,,
2019-0C7-002665,1,,,,
2019-0C7-004098,1,,,,
2019-0C9-002206,1,,,,
2019-0CX-013246,1,,,,
2019-0D7-001563,1,,,,
2019-0D7-001575,1,,,,
2019-0D7-001599,1,,,,
2019-0D7-001646,1,,,,
2019-0D7-002405,1,,,,
2019-0D7-002627,1,,,,
2019-0D7-003019,1,,,,
2019-0D7-003197,1,,,,
2019-0D7-003330,1,,,,
2019-0D7-003536,1,,,,
2019-0D7-003608,1,,,,
2019-0D7-003893,1,,,,
2019-0D7-005029,1,,,,
2019-0D7-005758,1,,,,
2019-0D7-006445,1,,,,
2019-0D7-006546,1,,,,
2019-0D7-007932,1,,,,
2019-0F1-000123,1,,,,
2019-0F1-000127,1,,,,
2019-0F1-000134,1,,,,
2019-0F1-000142,1,,,,
2019-0F1-000170,1,,,,
2019-0F1-000174,1,,,,
2019-0F1-000606,1,,,,
2019-0F1-001590,1,,,,
2019-0F1-001602,1,,,,
2019-0F1-001690,1,,,,
2019-0F1-001865,1,,,,
2019-0F1-002004,1,,,,
2019-0F1-002044,1,,,,
2019-0F1-002148,1,,,,
2019-0F1-002159,1,,,,
2019-0F1-002160,1,,,,
2019-0F1-002170,1,,,,
2019-0F1-002175,1,,,,
2019-0F1-002181,1,,,,
2019-0F1-002183,1,,,,
2019-0F1-002205,1,,,,
2019-0F1-002329,1,,,,
2019-0F1-002376,1,,,,
2019-0F1-002528,1,,,,
2019-0F1-002663,1,,,,
2019-0F1-002666,1,,,,
2019-0F1-002672,1,,,,
2019-0F1-003288,1,,,,
2019-0F1-003294,1,,,,
2019-0F1-003333,1,,,,
2019-0F1-003492,1,,,,
2019-0F1-003512,1,,,,
2019-0F1-003532,1,,,,
2019-0F1-003683,1,,,,
2019-0F1-003691,1,,,,
2019-0F1-003699,1,,,,
2019-0F1-003702,1,,,,
2019-0F1-004586,1,,,,
2019-0F1-004594,1,,,,
2019-0F1-004597,1,,,,
2019-0F1-004626,1,,,,
2019-0F1-004861,1,,,,
2019-0F1-004878,1,,,,
2019-0F1-004884,1,,,,
2019-0F1-004885,1,,,,
2019-0F1-005278,1,,,,
2019-0F1-005470,1,,,,
2019-0F1-005475,1,,,,
2019-0F1-005477,1,,,,
2019-0F1-005507,1,,,,
2019-0F1-005510,1,,,,
2019-0F1-005943,1,,,,
2019-0F1-005944,1,,,,
2019-0F1-005948,1,,,,
2019-0F1-005950,1,,,,
2019-0F1-006001,1,,,,
2019-0F1-006154,1,,,,
2019-0F1-006251,1,,,,
2019-0F1-006390,1,,,,
2019-0F1-006582,1,,,,
2019-0F1-006585,1,,,,
2019-0F1-006586,1,,,,
2019-0F1-006597,1,,,,
2019-0F1-006598,1,,,,
2019-0F1-006600,1,,,,
2019-0F1-006601,1,,,,
2019-0F1-006616,1,,,,
2019-0F1-006751,1,,,,
2019-0F1-006754,1,,,,
2019-0F1-006765,1,,,,
2019-0F1-006769,1,,,,
2019-0F1-006795,1,,,,
2019-0F1-006895,1,,,,
2019-0F1-006909,1,,,,
2019-0F1-006927,1,,,,
2019-0F1-007258,1,,,,
2019-0F1-007410,1,,,,
2019-0F1-007542,1,,,,
2019-0F1-007662,1,,,,
2019-0F1-007826,1,,,,
2019-0F1-007827,1,,,,
2019-0F1-007836,1,,,,
2019-0F1-007838,1,,,,
2019-0F1-007844,1,,,,
2019-0F1-007887,1,,,,
2019-0F1-008068,1,,,,
2019-0F1-008106,1,,,,
2019-0F1-008172,1,,,,
2019-0F1-008180,1,,,,
2019-0F1-008187,1,,,,
2019-0F1-008644,1,,,,
2019-0F1-008655,1,,,,
2019-0F1-008661,1,,,,
2019-0F1-008664,1,,,,
2019-0F1-008698,1,,,,
2019-0F1-008770,1,,,,
2019-0F1-008827,1,,,,
2019-0F1-008832,1,,,,
2019-0F1-008836,1,,,,
2019-0F1-008843,1,,,,
2019-0F1-008975,1,,,,
2019-0F1-008987,1,,,,
2019-0F1-008993,1,,,,
2019-0F1-009002,1,,,,
2019-0F1-009010,1,,,,
2019-0F1-009012,1,,,,
2019-0F1-009030,1,,,,
2019-0F1-009043,1,,,,
2019-0F1-009051,1,,,,
2019-0F1-009318,1,,,,
2019-0F1-009795,1,,,,
2019-0F1-009820,1,,,,
2019-0F1-009828,1,,,,
2019-0F1-009835,1,,,,
2019-0F1-009868,1,,,,
2019-0F1-009869,1,,,,
2019-0F1-009878,1,,,,
2019-0F1-009954,1,,,,
2019-0F1-009959,1,,,,
2019-0F1-009963,1,,,,
2019-0F1-009977,1,,,,
2019-0F1-010140,1,,,,
2019-0F1-010142,1,,,,
2019-0F1-010158,1,,,,
2019-0F1-010213,1,,,,
2019-0F1-010220,1,,,,
2019-0F1-010329,1,,,,
2019-0F1-010332,1,,,,
2019-0F1-010333,1,,,,
2019-0F1-010344,1,,,,
2019-0F1-010974,1,,,,
2019-0F1-011475,1,,,,
2019-0F1-011626,1,,,,
2019-0F1-011857,1,,,,
2019-0F1-012120,1,,,,
2019-0F1-012146,1,,,,
2019-0F1-012157,1,,,,
2019-0F1-012191,1,,,,
2019-0F1-012303,1,,,,
2019-0F1-012311,1,,,,
2019-0F1-012433,1,,,,
2019-0F1-012440,1,,,,
2019-0F1-012613,1,,,,
2019-0F1-012623,1,,,,
2019-0F1-012624,1,,,,
2019-0F1-012632,1,,,,
2019-0F1-012778,1,,,,
2019-0F1-012799,1,,,,
2019-0F1-012801,1,,,,
2019-0F1-012851,1,,,,
2019-0F1-012857,1,,,,
2019-0F1-013273,1,,,,
2019-0F1-013282,1,,,,
2019-0F1-013374,1,,,,
2019-0F1-013426,1,,,,
2019-0F1-013431,1,,,,
2019-0F1-013436,1,,,,
2019-0F1-013443,1,,,,
2019-0F1-013496,1,,,,
2019-0F1-013513,1,,,,
2019-0F1-013624,1,,,,
2019-0F1-013625,1,,,,
2019-0F1-013629,1,,,,
2019-0F1-013630,1,,,,
2019-0F1-013631,1,,,,
2019-0F1-013635,1,,,,
2019-0F1-013778,1,,,,
2019-0F1-013781,1,,,,
2019-0F1-013787,1,,,,
2019-0F1-014420,1,,,,
2019-0F1-014426,1,,,,
2019-0F1-014433,1,,,,
2019-0F1-014467,1,,,,
2019-0F1-014479,1,,,,
2019-0F1-014593,1,,,,
2019-0F1-014595,1,,,,
2019-0F1-014598,1,,,,
2019-0F1-014768,1,,,,
2019-0F1-014925,1,,,,
2019-0F1-014926,1,,,,
2019-0F1-014937,1,,,,
2019-0F1-014990,1,,,,
2019-0F1-015117,1,,,,
2019-0F1-015427,1,,,,
2019-0F1-015541,1,,,,
2019-0F1-015543,1,,,,
2019-0F1-015544,1,,,,
2019-0F1-015547,1,,,,
2019-0F1-015558,1,,,,
2019-0F1-015717,1,,,,
2019-0F1-015722,1,,,,
2019-0F1-015726,1,,,,
2019-0F1-015728,1,,,,
2019-0F1-015729,1,,,,
2019-0F1-015902,1,,,,
2019-0F1-015906,1,,,,
2019-0F1-015909,1,,,,
2019-0F1-016086,1,,,,
2019-0F1-016098,1,,,,
2019-0F1-016171,1,,,,
2019-0F1-016886,1,,,,
2019-0F1-018006,1,,,,
2019-0F1-018009,1,,,,
2019-0F1-018106,1,,,,
2019-0F1-018121,1,,,,
2019-0F1-018122,1,,,,
2019-0F1-018127,1,,,,
2019-0F1-018341,1,,,,
2019-0F1-018425,1,,,,
2019-0F1-018525,1,,,,
2019-0F1-018532,1,,,,
2019-0F1-018668,1,,,,
2019-0F1-018858,1,,,,
2019-0F1-018861,1,,,,
2019-0F1-018867,1,,,,
2019-0F1-018875,1,,,,
2019-0F1-019085,1,,,,
2019-0F1-019421,1,,,,
2019-0F1-019497,1,,,,
2019-0F1-019502,1,,,,
2019-0F1-019601,1,,,,
2019-0F1-019602,1,,,,
2019-0F1-019605,1,,,,
2019-0F1-019610,1,,,,
2019-0F1-019763,1,,,,
2019-0F1-019766,1,,,,
2019-0F1-019771,1,,,,
2019-0F1-019772,1,,,,
2019-0F1-019790,1,,,,
2019-0F1-019949,1,,,,
2019-0F1-020258,1,,,,
2019-0F1-020358,1,,,,
2019-0F1-020637,1,,,,
2019-0F1-020740,1,,,,
2019-0F1-021071,1,,,,
2019-0F1-021434,1,,,,
2019-0F1-021443,1,,,,
2019-0F1-021444,1,,,,
2019-0F1-021542,1,,,,
2019-0F1-022261,1,,,,
2019-0F1-022677,1,,,,
2019-0F1-022678,1,,,,
2019-0F1-022913,1,,,,
2019-0F1-022919,1,,,,
2019-0F1-022925,1,,,,
2019-0F1-023489,1,,,,
2019-0F1-023536,1,,,,
2019-0F1-024519,1,,,,
2019-0F1-024528,1,,,,
2019-0F1-024529,1,,,,
2019-0F1-024881,1,,,,
2019-0F1-025284,1,,,,
2019-0F1-025293,1,,,,
2019-0F1-025297,1,,,,
2019-0F1-025842,1,,,,
2019-0F1-026061,1,,,,
2019-0F1-026120,1,,,,
2019-0F1-026181,1,,,,
2019-0F1-026224,1,,,,
2019-0F1-026492,1,,,,
2019-0F1-026509,1,,,,
2019-0F1-027675,1,,,,
2019-0F1-027717,1,,,,
2019-0F1-028154,1,,,,
2019-0F1-028383,1,,,,
2019-0F1-028420,1,,,,
2019-0F1-029543,1,,,,
2019-0F1-030923,1,,,,
2019-0F1-031490,1,,,,
2019-0F1-032373,1,,,,
2019-0F1-033668,1,,,,
2019-0F1-034651,1,,,,
2019-0F1-035020,1,,,,
2019-0F1-036377,1,,,,
2019-0F1-036951,1,,,,
2019-0F1-037261,1,,,,
2019-0F1-037607,1,,,,
2019-0F1-038035,1,,,,
2019-0F1-039065,1,,,,
2019-0F1-039468,1,,,,
2019-0F1-039576,1,,,,
2019-0F1-039577,1,,,,
2019-0F1-039656,1,,,,
2019-0F1-041953,1,,,,
2019-0F1-041985,1,,,,
2019-0F1-042152,1,,,,
2019-0F1-042676,1,,,,
2019-0F1-043473,1,,,,
2019-0F1-043992,1,,,,
2019-0F1-045103,1,,,,
2019-0F1-045161,1,,,,
2019-0F1-045683,1,,,,
2019-0F1-045714,1,,,,
2019-0F1-046562,1,,,,
2019-0F1-046616,1,,,,
2019-0F1-046764,1,,,,
2019-0F1-047289,1,,,,
2019-0F1-047592,1,,,,
2019-0F1-047968,1,,,,
2019-0F1-048234,1,,,,
2019-0F1-048709,1,,,,
2019-0F1-049266,1,,,,
2019-0F1-049450,1,,,,
2019-0F1-049493,1,,,,
2019-0F1-049522,1,,,,
2019-0F1-049668,1,,,,
2019-0F1-049707,1,,,,
2019-0F1-049780,1,,,,
2019-0F1-049822,1,,,,
2019-0F1-049930,1,,,,
2019-0F1-049990,1,,,,
2019-0F1-049999,1,,,,
2019-0F1-050898,1,,,,
2019-0F1-051343,1,,,,
2019-0F1-052407,1,,,,
2019-0F1-054002,1,,,,
2019-0F1-054142,1,,,,
2019-0F1-054217,1,,,,
2019-0F1-054674,1,,,,
2019-0F1-055370,1,,,,
2019-0F1-055372,1,,,,
2019-0F1-055913,1,,,,
2019-0F1-056136,1,,,,
2019-0F1-056253,1,,,,
2019-0F1-057819,1,,,,
2019-0F1-058296,1,,,,
2019-0F1-058461,1,,,,
2019-0F1-058508,1,,,,
2019-0F1-059077,1,,,,
2019-0F1-059218,1,,,,
2019-0F1-059228,1,,,,
2019-0F1-059283,1,,,,
2019-0F1-059287,1,,,,
2019-0F1-059483,1,,,,
2019-0F1-059530,1,,,,
2019-0F1-059652,1,,,,
2019-0F1-059653,1,,,,
2019-0F1-059673,1,,,,
2019-0F1-059874,1,,,,
2019-0F1-059883,1,,,,
2019-0F1-059884,1,,,,
2019-0F1-059897,1,,,,
2019-0F1-060097,1,,,,
2019-0F1-060104,1,,,,
2019-0F1-060143,1,,,,
2019-0F1-060187,1,,,,
2019-0F1-060342,1,,,,
2019-0F1-060347,1,,,,
2019-0F1-060363,1,,,,
2019-0F1-060999,1,,,,
2019-0F1-061021,1,,,,
2019-0F1-061230,1,,,,
2019-0F1-061885,1,,,,
2019-0F1-062339,1,,,,
2019-0F1-063277,1,,,,
2019-0F1-063286,1,,,,
2019-0F1-063429,1,,,,
2019-0F1-064709,1,,,,
2019-0F1-065643,1,,,,
2019-0F1-065881,1,,,,
2019-0F1-066581,1,,,,
2019-0F1-067044,1,,,,
2019-0F1-067046,1,,,,
2019-0F1-067053,1,,,,
2019-0F1-067891,1,,,,
2019-0F1-068959,1,,,,
2019-0H4-000024,1,,,,
2019-0H4-000257,1,,,,
2019-0H4-000762,1,,,,
2019-0H4-001044,1,,,,
2019-0H4-001107,1,,,,
2019-0H4-001128,1,,,,
2019-0H4-001199,1,,,,
2019-0H4-001201,1,,,,
2019-0H4-001590,1,,,,
2019-0H4-001647,1,,,,
2019-0H4-001648,1,,,,
2019-0H4-001750,1,,,,
2019-0H4-001827,1,,,,
2019-0H4-001935,1,,,,
2019-0H4-001951,1,,,,
2019-0H4-002228,1,,,,
2019-0H4-002346,1,,,,
2019-0H4-002372,1,,,,
2019-0H4-002599,1,,,,
2019-0H4-002807,1,,,,
2019-0H4-003184,1,,,,
2019-0H4-003202,1,,,,
2019-0H4-003616,1,,,,
2019-0H4-003846,1,,,,
2019-0H4-003955,1,,,,
2019-0H4-004115,1,,,,
2019-0H4-004180,1,,,,
2019-0H4-004644,1,,,,
2019-0H4-004645,1,,,,
2019-0H4-004647,1,,,,
2019-0H4-004648,1,,,,
2019-0H4-004688,1,,,,
2019-0H4-005475,1,,,,
2019-0H4-005794,1,,,,
2019-0H4-005984,1,,,,
2019-0H4-006078,1,,,,
2019-0H4-006244,1,,,,
2019-0H4-006258,1,,,,
2019-0H4-006317,1,,,,
2019-0H4-006419,1,,,,
2019-0H4-006497,1,,,,
2019-0H4-006750,1,,,,
2019-0H4-006790,1,,,,
2019-0H4-006942,1,,,,
2019-0H4-007003,1,,,,
2019-0H4-007017,1,,,,
2019-0H4-007333,1,,,,
2019-0H4-007532,1,,,,
2019-0H4-007539,1,,,,
2019-0H4-007774,1,,,,
2019-0H4-007929,1,,,,
2019-0H4-008214,1,,,,
2019-0H4-008491,1,,,,
2019-0H4-008510,1,,,,
2019-0H4-009188,1,,,,
2019-0H4-009218,1,,,,
2019-0H4-009302,1,,,,
2019-0H4-009349,1,,,,
2019-0H5-000252,1,,,,
2019-0H5-002172,1,,,,
2019-0H5-002347,1,,,,
2019-0H5-002350,1,,,,
2019-0H5-003670,1,,,,
2019-0H5-004160,1,,,,
2019-0H5-004181,1,,,,
2019-0H5-004257,1,,,,
2019-0H5-004340,1,,,,
2019-0H5-004378,1,,,,
2019-0H6-001696,1,,,,
2019-0H6-002936,1,,,,
2019-0H6-003205,1,,,,
2019-0H6-003267,1,,,,
2019-0H6-004325,1,,,,
2019-0H6-004512,1,,,,
2019-0H6-005215,1,,,,
2019-0H6-005426,1,,,,
2019-0H6-005622,1,,,,
2019-0H6-005677,1,,,,
2019-0H6-005772,1,,,,
2019-0H6-005786,1,,,,
2019-0H6-007125,1,,,,
2019-0H6-007269,1,,,,
2019-0H7-000601,1,,,,
2019-0H7-002377,1,,,,
2019-0H7-002378,1,,,,
2019-0H7-006794,1,,,,
2019-0H8-007859,1,,,,
2019-0H9-000104,1,,,,
2019-0H9-000107,1,,,,
2019-0H9-000110,1,,,,
2019-0H9-000173,1,,,,
2019-0H9-000182,1,,,,
2019-0H9-000226,1,,,,
2019-0H9-000239,1,,,,
2019-0H9-000254,1,,,,
2019-0H9-000255,1,,,,
2019-0H9-000300,1,,,,
2019-0H9-000520,1,,,,
2019-0H9-000572,1,,,,
2019-0H9-000852,1,,,,
2019-0H9-000900,1,,,,
2019-0H9-001023,1,,,,
2019-0H9-001204,1,,,,
2019-0H9-001215,1,,,,
2019-0H9-001705,1,,,,
2019-0H9-002171,1,,,,
2019-0H9-002502,1,,,,
2019-0H9-002508,1,,,,
2019-0H9-002612,1,,,,
2019-0H9-002646,1,,,,
2019-0H9-002729,1,,,,
2019-0H9-002738,1,,,,
2019-0H9-002741,1,,,,
2019-0H9-002776,1,,,,
2019-0H9-002874,1,,,,
2019-0H9-002889,1,,,,
2019-0H9-003031,1,,,,
2019-0H9-003122,1,,,,
2019-0H9-003253,1,,,,
2019-0H9-003259,1,,,,
2019-0H9-003375,1,,,,
2019-0H9-003510,1,,,,
2019-0H9-003520,1,,,,
2019-0H9-003606,1,,,,
2019-0H9-003640,1,,,,
2019-0H9-003942,1,,,,
2019-0H9-003996,1,,,,
2019-0H9-004005,1,,,,
2019-0H9-004010,1,,,,
2019-0H9-004168,1,,,,
2019-0H9-004283,1,,,,
2019-0H9-004323,1,,,,
2019-0H9-004474,1,,,,
2019-0H9-004549,1,,,,
2019-0H9-004954,1,,,,
2019-0H9-005124,1,,,,
2019-0H9-005140,1,,,,
2019-0H9-005978,1,,,,
2019-0H9-006496,1,,,,
2019-0H9-006849,1,,,,
2019-0H9-006970,1,,,,
2019-0H9-007200,1,,,,
2019-0H9-007341,1,,,,
2019-0H9-007605,1,,,,
2019-0H9-007850,1,,,,
2019-0H9-008070,1,,,,
2019-0H9-008082,1,,,,
2019-0H9-008114,1,,,,
2019-0H9-008313,1,,,,
2019-0H9-008510,1,,,,
2019-0H9-008541,1,,,,
2019-0H9-008631,1,,,,
2019-0H9-008665,1,,,,
2019-0H9-008763,1,,,,
2019-0H9-008910,1,,,,
2019-0H9-008954,1,,,,
2019-0H9-008974,1,,,,
2019-0H9-008985,1,,,,
2019-0H9-009094,1,,,,
2019-0H9-009112,1,,,,
2019-0H9-009152,1,,,,
2019-0H9-009263,1,,,,
2019-0H9-009288,1,,,,
2019-0H9-009289,1,,,,
2019-0H9-009302,1,,,,
2019-0H9-009309,1,,,,
2019-0H9-009316,1,,,,
2019-0H9-009366,1,,,,
2019-0H9-009370,1,,,,
2019-0H9-009498,1,,,,
2019-0H9-009535,1,,,,
2019-0H9-009614,1,,,,
2019-0H9-009639,1,,,,
2019-0H9-009729,1,,,,
2019-0H9-009740,1,,,,
2019-0H9-009818,1,,,,
2019-0H9-009823,1,,,,
2019-0H9-009843,1,,,,
2019-0H9-009899,1,,,,
2019-0H9-009904,1,,,,
2019-0H9-009907,1,,,,
2019-0H9-009928,1,,,,
2019-0H9-009965,1,,,,
2019-0H9-009977,1,,,,
2019-0H9-009990,1,,,,
2019-0H9-010026,1,,,,
2019-0H9-010067,1,,,,
2019-0H9-010068,1,,,,
2019-0H9-010174,1,,,,
2019-0H9-010175,1,,,,
2019-0H9-010183,1,,,,
2019-0H9-010184,1,,,,
2019-0H9-010187,1,,,,
2019-0H9-010192,1,,,,
2019-0H9-010193,1,,,,
2019-0H9-010196,1,,,,
2019-0H9-010212,1,,,,
2019-0H9-010248,1,,,,
2019-0H9-010257,1,,,,
2019-0H9-010358,1,,,,
2019-0H9-010447,1,,,,
2019-0H9-010463,1,,,,
2019-0H9-010477,1,,,,
2019-0H9-010491,1,,,,
2019-0H9-010543,1,,,,
2019-0H9-010550,1,,,,
2019-0H9-010563,1,,,,
2019-0H9-010576,1,,,,
2019-0H9-010583,1,,,,
2019-0H9-010678,1,,,,
2019-0H9-010703,1,,,,
2019-0H9-010747,1,,,,
2019-0H9-010762,1,,,,
2019-0H9-010830,1,,,,
2019-0H9-010875,1,,,,
2019-0H9-010888,1,,,,
2019-0H9-010925,1,,,,
2019-0H9-010979,1,,,,
2019-0H9-010988,1,,,,
2019-0H9-010992,1,,,,
2019-0H9-011008,1,,,,
2019-0H9-011012,1,,,,
2019-0H9-011013,1,,,,
2019-0H9-011015,1,,,,
2019-0H9-011038,1,,,,
2019-0H9-011107,1,,,,
2019-0H9-011135,1,,,,
2019-0H9-011257,1,,,,
2019-0H9-011262,1,,,,
2019-0H9-011435,1,,,,
2019-0H9-011649,1,,,,
2019-0H9-011657,1,,,,
2019-0H9-011736,1,,,,
2019-0H9-011918,1,,,,
2019-0H9-012162,1,,,,
2019-0H9-012208,1,,,,
2019-0H9-012212,1,,,,
2019-0H9-012220,1,,,,
2019-0H9-012226,1,,,,
2019-0H9-012227,1,,,,
2019-0H9-012242,1,,,,
2019-0H9-012285,1,,,,
2019-0H9-012498,1,,,,
2019-0H9-012499,1,,,,
2019-0H9-012549,1,,,,
2019-0H9-012580,1,,,,
2019-0H9-012597,1,,,,
2019-0H9-012718,1,,,,
2019-0H9-012874,1,,,,
2019-0H9-012971,1,,,,
2019-0H9-013075,1,,,,
2019-0H9-013088,1,,,,
2019-0H9-013160,1,,,,
2019-0H9-013169,1,,,,
2019-0H9-013178,1,,,,
2019-0H9-013269,1,,,,
2019-0H9-013285,1,,,,
2019-0H9-013304,1,,,,
2019-0H9-013334,1,,,,
2019-0H9-013352,1,,,,
2019-GES-000533,1,,,,
2019-TK9-001626,1,,,,
2019-TK9-002009,1,,,,
2019-TST-000126,1,,,,
2019-TST-000190,1,,,,
2019-TST-000234,1,,,,
2020-0A3-000407,1,,,,
2020-0A3-000705,1,,,,
2020-0A4-009003,1,,,,
2020-0A4-012058,1,,,,
2020-0A5-000791,1,,,,
2020-0A5-004381,1,,,,
2020-0A5-004732,1,,,,
2020-0A5-004792,1,,,,
2020-0A5-004796,1,,,,
2020-0A5-004975,1,,,,
2020-0A5-005623,1,,,,
2020-0A5-005668,1,,,,
2020-0A5-008243,1,,,,
2020-0A5-008488,1,,,,
2020-0A5-008670,1,,,,
2020-0A5-008672,1,,,,
2020-0A6-001794,1,,,,
2020-0A6-003293,1,,,,
2020-0A6-004305,1,,,,
2020-0A6-005139,1,,,,
2020-0B2-000223,1,,,,
2020-0B2-002567,1,,,,
2020-0B2-005959,1,,,,
2020-0B6-001899,1,,,,
2020-0B6-005021,1,,,,
2020-0C4-000642,1,,,,
2020-0C4-002024,1,,,,
2020-0C6-001603,1,,,,
2020-0C9-004592,1,,,,
2020-0CH-000169,1,,,,
2020-0CH-000527,1,,,,
2020-0D2-006327,1,,,,
2020-0D3-005928,1,,,,
2020-0D3-005931,1,,,,
2020-0D3-012278,1,,,,
2020-0D4-003138,1,,,,
2020-0D4-004403,1,,,,
2020-0D4-006028,1,,,,
2020-0D4-008090,1,,,,
2020-0D7-000202,1,,,,
2020-0F1-000042,1,,,,
2020-0F1-001647,1,,,,
2020-0F1-001790,1,,,,
2020-0F1-002681,1,,,,
2020-0F1-003071,1,,,,
2020-0F1-004158,1,,,,
2020-0F1-004204,1,,,,
2020-0F1-004326,1,,,,
2020-0F1-005589,1,,,,
2020-0F1-005592,1,,,,
2020-0F1-005926,1,,,,
2020-0F1-005979,1,,,,
2020-0F1-006215,1,,,,
2020-0F1-006408,1,,,,
2020-0F1-006417,1,,,,
2020-0F1-006987,1,,,,
2020-0F1-006993,1,,,,
2020-0F1-007144,1,,,,
2020-0F1-007758,1,,,,
2020-0F1-007957,1,,,,
2020-0F1-008213,1,,,,
2020-0F1-008269,1,,,,
2020-0F1-008801,1,,,,
2020-0F1-008927,1,,,,
2020-0F1-009597,1,,,,
2020-0F1-010019,1,,,,
2020-0F1-010023,1,,,,
2020-0F1-010257,1,,,,
2020-0F1-010358,1,,,,
2020-0F1-010876,1,,,,
2020-0F1-011266,1,,,,
2020-0F1-011406,1,,,,
2020-0F1-011521,1,,,,
2020-0F1-011606,1,,,,
2020-0F1-011828,1,,,,
2020-0F1-011887,1,,,,
2020-0F1-011919,1,,,,
2020-0F1-012126,1,,,,
2020-0F1-012208,1,,,,
2020-0F1-012786,1,,,,
2020-0F1-012995,1,,,,
2020-0F1-012996,1,,,,
2020-0F1-013053,1,,,,
2020-0F1-013502,1,,,,
2020-0F1-013522,1,,,,
2020-0F1-013524,1,,,,
2020-0F1-013670,1,,,,
2020-0F1-013677,1,,,,
2020-0F1-013695,1,,,,
2020-0F1-014287,1,,,,
2020-0F1-014428,1,,,,
2020-0F1-014594,1,,,,
2020-0F1-014745,1,,,,
2020-0F1-017320,1,,,,
2020-0F1-017389,1,,,,
2020-0F1-017664,1,,,,
2020-0F1-017714,1,,,,
2020-0F1-017739,1,,,,
2020-0F1-018070,1,,,,
2020-0F1-018533,1,,,,
2020-0F1-018666,1,,,,
2020-0F1-018699,1,,,,
2020-0F1-018732,1,,,,
2020-0F1-018832,1,,,,
2020-0F1-018981,1,,,,
2020-0F1-019002,1,,,,
2020-0F1-019076,1,,,,
2020-0F1-019147,1,,,,
2020-0F1-019298,1,,,,
2020-0F1-019313,1,,,,
2020-0F1-019902,1,,,,
2020-0F1-020610,1,,,,
2020-0F1-020978,1,,,,
2020-0F1-022403,1,,,,
2020-0F1-022777,1,,,,
2020-0F1-023541,1,,,,
2020-0F1-023659,1,,,,
2020-0F1-024049,1,,,,
2020-0F1-024308,1,,,,
2020-0F1-024607,1,,,,
2020-0F1-024975,1,,,,
2020-0F1-025366,1,,,,
2020-0F1-025941,1,,,,
2020-0F1-027177,1,,,,
2020-0F1-027229,1,,,,
2020-0F1-027254,1,,,,
2020-0F1-027281,1,,,,
2020-0F1-027377,1,,,,
2020-0F1-028708,1,,,,
2020-0F1-028808,1,,,,
2020-0F1-028812,1,,,,
2020-0F1-029211,1,,,,
2020-0F1-029386,1,,,,
2020-0F1-030542,1,,,,
2020-0F1-031927,1,,,,
2020-0F1-032285,1,,,,
2020-0F1-032844,1,,,,
2020-0F1-033921,1,,,,
2020-0F1-034194,1,,,,
2020-0F1-036374,1,,,,
2020-0F1-036913,1,,,,
2020-0F1-038008,1,,,,
2020-0F1-038730,1,,,,
2020-0F1-039815,1,,,,
2020-0F1-041222,1,,,,
2020-0F1-041331,1,,,,
2020-0F1-041395,1,,,,
2020-0F1-042693,1,,,,
2020-0F1-042959,1,,,,
2020-0F1-042982,1,,,,
2020-0F1-043987,1,,,,
2020-0F1-045985,1,,,,
2020-0F1-047309,1,,,,
2020-0F1-047451,1,,,,
2020-0F1-047815,1,,,,
2020-0F1-048462,1,,,,
2020-0F1-048750,1,,,,
2020-0F1-049006,1,,,,
2020-0F1-050368,1,,,,
2020-0F1-050994,1,,,,
2020-0F1-051089,1,,,,
2020-0F1-051093,1,,,,
2020-0F1-051151,1,,,,
2020-0F1-051251,1,,,,
2020-0F1-051349,1,,,,
2020-0F1-051404,1,,,,
2020-0F1-051507,1,,,,
2020-0F1-051586,1,,,,
2020-0F1-051730,1,,,,
2020-0F1-051916,1,,,,
2020-0F1-051949,1,,,,
2020-0F1-052345,1,,,,
2020-0F1-053266,1,,,,
2020-0F1-053276,1,,,,
2020-0F1-053933,1,,,,
2020-0F1-054310,1,,,,
2020-0F1-054916,1,,,,
2020-0F1-054996,1,,,,
2020-0F1-055292,1,,,,
2020-0F1-055320,1,,,,
2020-0F1-055327,1,,,,
2020-0F1-055649,1,,,,
2020-0F1-055659,1,,,,
2020-0F1-055937,1,,,,
2020-0F1-056169,1,,,,
2020-0F1-056478,1,,,,
2020-0F1-056558,1,,,,
2020-0F1-057589,1,,,,
2020-0F1-057613,1,,,,
2020-0F1-058119,1,,,,
2020-0F1-058235,1,,,,
2020-0F1-058451,1,,,,
2020-0F1-058828,1,,,,
2020-0F1-058983,1,,,,
2020-0F1-059244,1,,,,
2020-0F1-059344,1,,,,
2020-0F1-059706,1,,,,
2020-0F1-059809,1,,,,
2020-0F1-059810,1,,,,
2020-0F1-060482,1,,,,
2020-0F1-060608,1,,,,
2020-0F1-060999,1,,,,
2020-0F1-061554,1,,,,
2020-0F1-061618,1,,,,
2020-0F1-062685,1,,,,
2020-0F1-062719,1,,,,
2020-0F1-062941,1,,,,
2020-0F1-062950,1,,,,
2020-0F1-063116,1,,,,
2020-0F1-063149,1,,,,
2020-0F1-063155,1,,,,
2020-0F1-063216,1,,,,
2020-0F1-063632,1,,,,
2020-0F1-063660,1,,,,
2020-0F1-063730,1,,,,
2020-0F1-064012,1,,,,
2020-0F1-064321,1,,,,
2020-0F1-064382,1,,,,
2020-0F1-064385,1,,,,
2020-0F1-064398,1,,,,
2020-0F1-064486,1,,,,
2020-0H1-002258,1,,,,
2020-0H1-002292,1,,,,
2020-0H1-002302,1,,,,
2020-0H1-002344,1,,,,
2020-0H1-002353,1,,,,
2020-0H1-002363,1,,,,
2020-0H1-002435,1,,,,
2020-0H1-002450,1,,,,
2020-0H1-002451,1,,,,
2020-0H1-002498,1,,,,
2020-0H1-002500,1,,,,
2020-0H1-002520,1,,,,
2020-0H1-002556,1,,,,
2020-0H1-002581,1,,,,
2020-0H1-002598,1,,,,
2020-0H1-002612,1,,,,
2020-0H1-002662,1,,,,
2020-0H1-002767,1,,,,
2020-0H1-002786,1,,,,
2020-0H1-002828,1,,,,
2020-0H1-002839,1,,,,
2020-0H1-002871,1,,,,
2020-0H1-002930,1,,,,
2020-0H1-003090,1,,,,
2020-0H4-000058,1,,,,
2020-0H4-000155,1,,,,
2020-0H4-000213,1,,,,
2020-0H4-000244,1,,,,
2020-0H4-000476,1,,,,
2020-0H4-000477,1,,,,
2020-0H4-000478,1,,,,
2020-0H4-000746,1,,,,
2020-0H4-000767,1,,,,
2020-0H4-000773,1,,,,
2020-0H4-000867,1,,,,
2020-0H4-000930,1,,,,
2020-0H4-001153,1,,,,
2020-0H4-001278,1,,,,
2020-0H4-001502,1,,,,
2020-0H4-001924,1,,,,
2020-0H4-001961,1,,,,
2020-0H4-002099,1,,,,
2020-0H4-002104,1,,,,
2020-0H4-002123,1,,,,
2020-0H4-002203,1,,,,
2020-0H4-002252,1,,,,
2020-0H4-002320,1,,,,
2020-0H4-002449,1,,,,
2020-0H4-002487,1,,,,
2020-0H4-002602,1,,,,
2020-0H4-002651,1,,,,
2020-0H4-002718,1,,,,
2020-0H4-002720,1,,,,
2020-0H4-002740,1,,,,
2020-0H4-002869,1,,,,
2020-0H4-002890,1,,,,
2020-0H4-002916,1,,,,
2020-0H4-003079,1,,,,
2020-0H4-003161,1,,,,
2020-0H4-003187,1,,,,
2020-0H4-003232,1,,,,
2020-0H4-003251,1,,,,
2020-0H4-003252,1,,,,
2020-0H4-003270,1,,,,
2020-0H4-003271,1,,,,
2020-0H4-003315,1,,,,
2020-0H4-003362,1,,,,
2020-0H4-003399,1,,,,
2020-0H4-003475,1,,,,
2020-0H4-003478,1,,,,
2020-0H4-003487,1,,,,
2020-0H4-003499,1,,,,
2020-0H4-003501,1,,,,
2020-0H4-003502,1,,,,
2020-0H4-003521,1,,,,
2020-0H4-003526,1,,,,
2020-0H4-003527,1,,,,
2020-0H4-003529,1,,,,
2020-0H4-003531,1,,,,
2020-0H4-003534,1,,,,
2020-0H4-003535,1,,,,
2020-0H4-003536,1,,,,
2020-0H4-003539,1,,,,
2020-0H4-003540,1,,,,
2020-0H4-003542,1,,,,
2020-0H4-003560,1,,,,
2020-0H4-003566,1,,,,
2020-0H4-003567,1,,,,
2020-0H4-003568,1,,,,
2020-0H4-003679,1,,,,
2020-0H4-003693,1,,,,
2020-0H4-003775,1,,,,
2020-0H4-003778,1,,,,
2020-0H4-003812,1,,,,
2020-0H4-003816,1,,,,
2020-0H4-003829,1,,,,
2020-0H4-003846,1,,,,
2020-0H4-003847,1,,,,
2020-0H4-003886,1,,,,
2020-0H4-004010,1,,,,
2020-0H4-004018,1,,,,
2020-0H4-004019,1,,,,
2020-0H4-004020,1,,,,
2020-0H4-004021,1,,,,
2020-0H4-004022,1,,,,
2020-0H4-004034,1,,,,
2020-0H4-004035,1,,,,
2020-0H4-004037,1,,,,
2020-0H4-004090,1,,,,
2020-0H4-004091,1,,,,
2020-0H4-004212,1,,,,
2020-0H4-004326,1,,,,
2020-0H4-004342,1,,,,
2020-0H4-004344,1,,,,
2020-0H4-004346,1,,,,
2020-0H4-004392,1,,,,
2020-0H4-004438,1,,,,
2020-0H4-004439,1,,,,
2020-0H4-004458,1,,,,
2020-0H4-004460,1,,,,
2020-0H4-004468,1,,,,
2020-0H4-004474,1,,,,
2020-0H4-004522,1,,,,
2020-0H4-004535,1,,,,
2020-0H4-004537,1,,,,
2020-0H4-004552,1,,,,
2020-0H4-004592,1,,,,
2020-0H4-004625,1,,,,
2020-0H4-004859,1,,,,
2020-0H4-004866,1,,,,
2020-0H4-005071,1,,,,
2020-0H4-005072,1,,,,
2020-0H4-005078,1,,,,
2020-0H4-005133,1,,,,
2020-0H4-005156,1,,,,
2020-0H4-005193,1,,,,
2020-0H4-005207,1,,,,
2020-0H4-005224,1,,,,
2020-0H4-005262,1,,,,
2020-0H4-005504,1,,,,
2020-0H4-005516,1,,,,
2020-0H4-005541,1,,,,
2020-0H4-005589,1,,,,
2020-0H4-005661,1,,,,
2020-0H4-005814,1,,,,
2020-0H4-005816,1,,,,
2020-0H4-006118,1,,,,
2020-0H4-006143,1,,,,
2020-0H4-006179,1,,,,
2020-0H4-006196,1,,,,
2020-0H4-006268,1,,,,
2020-0H4-006604,1,,,,
2020-0H4-006680,1,,,,
2020-0H4-006756,1,,,,
2020-0H4-006804,1,,,,
2020-0H4-006957,1,,,,
2020-0H4-007036,1,,,,
2020-0H4-007042,1,,,,
2020-0H4-007121,1,,,,
2020-0H4-007191,1,,,,
2020-0H4-007259,1,,,,
2020-0H4-007291,1,,,,
2020-0H4-007308,1,,,,
2020-0H4-007312,1,,,,
2020-0H4-007333,1,,,,
2020-0H4-007346,1,,,,
2020-0H4-007468,1,,,,
2020-0H4-007545,1,,,,
2020-0H4-007547,1,,,,
2020-0H4-007625,1,,,,
2020-0H4-007635,1,,,,
2020-0H4-007639,1,,,,
2020-0H4-007671,1,,,,
2020-0H4-007754,1,,,,
2020-0H4-007855,1,,,,
2020-0H4-007876,1,,,,
2020-0H4-007942,1,,,,
2020-0H4-007973,1,,,,
2020-0H4-008106,1,,,,
2020-0H4-008107,1,,,,
2020-0H4-008117,1,,,,
2020-0H4-008143,1,,,,
2020-0H4-008144,1,,,,
2020-0H4-008198,1,,,,
2020-0H4-008230,1,,,,
2020-0H4-008231,1,,,,
2020-0H4-008327,1,,,,
2020-0H4-008332,1,,,,
2020-0H4-008385,1,,,,
2020-0H4-008426,1,,,,
2020-0H4-008570,1,,,,
2020-0H4-008574,1,,,,
2020-0H4-008636,1,,,,
2020-0H4-008653,1,,,,
2020-0H4-008668,1,,,,
2020-0H4-008722,1,,,,
2020-0H4-008757,1,,,,
2020-0H4-008827,1,,,,
2020-0H4-008846,1,,,,
2020-0H4-008865,1,,,,
2020-0H4-008882,1,,,,
2020-0H4-008909,1,,,,
2020-0H4-008915,1,,,,
2020-0H4-008922,1,,,,
2020-0H4-008924,1,,,,
2020-0H4-008925,1,,,,
2020-0H4-009090,1,,,,
2020-0H4-009156,1,,,,
2020-0H4-009158,1,,,,
2020-0H4-009259,1,,,,
2020-0H4-009367,1,,,,
2020-0H4-009378,1,,,,
2020-0H4-009420,1,,,,
2020-0H4-009422,1,,,,
2020-0H4-009514,1,,,,
2020-0H4-009518,1,,,,
2020-0H4-009525,1,,,,
2020-0H4-009607,1,,,,
2020-0H4-009661,1,,,,
2020-0H4-009743,1,,,,
2020-0H4-009803,1,,,,
2020-0H4-009805,1,,,,
2020-0H4-009887,1,,,,
2020-0H4-009907,1,,,,
2020-0H4-009973,1,,,,
2020-0H4-009982,1,,,,
2020-0H4-009995,1,,,,
2020-0H4-010048,1,,,,
2020-0H4-010049,1,,,,
2020-0H4-010059,1,,,,
2020-0H4-010114,1,,,,
2020-0H4-010116,1,,,,
2020-0H4-010149,1,,,,
2020-0H4-010170,1,,,,
2020-0H4-010172,1,,,,
2020-0H4-010217,1,,,,
2020-0H4-010321,1,,,,
2020-0H4-010335,1,,,,
2020-0H4-010406,1,,,,
2020-0H4-010439,1,,,,
2020-0H4-010540,1,,,,
2020-0H4-010738,1,,,,
2020-0H4-010743,1,,,,
2020-0H4-010878,1,,,,
2020-0H4-010879,1,,,,
2020-0H4-010935,1,,,,
2020-0H4-011007,1,,,,
2020-0H4-011026,1,,,,
2020-0H4-011027,1,,,,
2020-0H4-011055,1,,,,
2020-0H4-011088,1,,,,
2020-0H4-011145,1,,,,
2020-0H4-011166,1,,,,
2020-0H4-011309,1,,,,
2020-0H4-011706,1,,,,
2020-0H4-011815,1,,,,
2020-0H4-011817,1,,,,
2020-0H4-011887,1,,,,
2020-0H4-011959,1,,,,
2020-0H4-011961,1,,,,
2020-0H4-011991,1,,,,
2020-0H4-012109,1,,,,
2020-0H4-012446,1,,,,
2020-0H4-012508,1,,,,
2020-0H4-012515,1,,,,
2020-0H4-012613,1,,,,
2020-0H4-012644,1,,,,
2020-0H4-012757,1,,,,
2020-0H4-012777,1,,,,
2020-0H4-012896,1,,,,
2020-0H4-012991,1,,,,
2020-0H4-013128,1,,,,
2020-0H4-013339,1,,,,
2020-0H4-013374,1,,,,
2020-0H4-013383,1,,,,
2020-0H4-013461,1,,,,
2020-0H4-013558,1,,,,
2020-0H4-013585,1,,,,
2020-0H4-013744,1,,,,
2020-0H4-013764,1,,,,
2020-0H4-014069,1,,,,
2020-0H4-014075,1,,,,
2020-0H4-014083,1,,,,
2020-0H4-014164,1,,,,
2020-0H4-014270,1,,,,
2020-0H4-014891,1,,,,
2020-0H4-014927,1,,,,
2020-0H6-000362,1,,,,
2020-0H6-000418,1,,,,
2020-0H6-001433,1,,,,
2020-0H6-002116,1,,,,
2020-0H6-003226,1,,,,
2020-0H6-005660,1,,,,
2020-0H6-006048,1,,,,
2020-0H6-006049,1,,,,
2020-0H6-006050,1,,,,
2020-0H6-006229,1,,,,
2020-0H6-006364,1,,,,
2020-0H6-006391,1,,,,
2020-0H6-006492,1,,,,
2020-0H6-006642,1,,,,
2020-0H6-006930,1,,,,
2020-0H6-006932,1,,,,
2020-0H6-007054,1,,,,
2020-0H6-007109,1,,,,
2020-0H6-007135,1,,,,
2020-0H6-007141,1,,,,
2020-0H6-007196,1,,,,
2020-0H6-007294,1,,,,
2020-0H6-007353,1,,,,
2020-0H6-007483,1,,,,
2020-0H6-007645,1,,,,
2020-0H6-007688,1,,,,
2020-0H6-007730,1,,,,
2020-0H6-007912,1,,,,
2020-0H6-008156,1,,,,
2020-0H6-008178,1,,,,
2020-0H6-008536,1,,,,
2020-0H6-009340,1,,,,
2020-0H6-009767,1,,,,
2020-0H6-010131,1,,,,
2020-0H7-000107,1,,,,
2020-0H7-003750,1,,,,
2020-0H9-000211,1,,,,
2020-0H9-000297,1,,,,
2020-0H9-000432,1,,,,
2020-0H9-000569,1,,,,
2020-0H9-000583,1,,,,
2020-0H9-000836,1,,,,
2020-0H9-000922,1,,,,
2020-0H9-000927,1,,,,
2020-0H9-000943,1,,,,
2020-0H9-000946,1,,,,
2020-0H9-000963,1,,,,
2020-0H9-001018,1,,,,
2020-0H9-001021,1,,,,
2020-0H9-001071,1,,,,
2020-0H9-001204,1,,,,
2020-0H9-001457,1,,,,
2020-0H9-001463,1,,,,
2020-0H9-001573,1,,,,
2020-0H9-001650,1,,,,
2020-0H9-001653,1,,,,
2020-0H9-001676,1,,,,
2020-0H9-001830,1,,,,
2020-0H9-002202,1,,,,
2020-0H9-002298,1,,,,
2020-0H9-002320,1,,,,
2020-0H9-002332,1,,,,
2020-0H9-002512,1,,,,
2020-0H9-002669,1,,,,
2020-0H9-002670,1,,,,
2020-0H9-002672,1,,,,
2020-0H9-002677,1,,,,
2020-0H9-002683,1,,,,
2020-0H9-002705,1,,,,
2020-0H9-002710,1,,,,
2020-0H9-002723,1,,,,
2020-0H9-002755,1,,,,
2020-0H9-002762,1,,,,
2020-0H9-002783,1,,,,
2020-0H9-002805,1,,,,
2020-0H9-002837,1,,,,
2020-0H9-002885,1,,,,
2020-0H9-002930,1,,,,
2020-0H9-002947,1,,,,
2020-0H9-003031,1,,,,
2020-0H9-003067,1,,,,
2020-0H9-003202,1,,,,
2020-0H9-003385,1,,,,
2020-0H9-003389,1,,,,
2020-0H9-003412,1,,,,
2020-0H9-003451,1,,,,
2020-0H9-003542,1,,,,
2020-0H9-003745,1,,,,
2020-0H9-003746,1,,,,
2020-0H9-003793,1,,,,
2020-0H9-004016,1,,,,
2020-0H9-004093,1,,,,
2020-0H9-004171,1,,,,
2020-0H9-004377,1,,,,
2020-0H9-004397,1,,,,
2020-0H9-004957,1,,,,
2020-0H9-004962,1,,,,
2020-0H9-005256,1,,,,
2020-0H9-005262,1,,,,
2020-0H9-005304,1,,,,
2020-0H9-005327,1,,,,
2020-0H9-005733,1,,,,
2020-0H9-005734,1,,,,
2020-0H9-005738,1,,,,
2020-0H9-005740,1,,,,
2020-0H9-006182,1,,,,
2020-0H9-006550,1,,,,
2020-0H9-006571,1,,,,
2020-0H9-007231,1,,,,
2020-0H9-007233,1,,,,
2020-0H9-007614,1,,,,
2020-0H9-007644,1,,,,
2020-0H9-007653,1,,,,
2020-0H9-007839,1,,,,
2020-0H9-007857,1,,,,
2020-0H9-007861,1,,,,
2020-0H9-007938,1,,,,
2020-0H9-008010,1,,,,
2020-0H9-008089,1,,,,
2020-0H9-008109,1,,,,
2020-0H9-008112,1,,,,
2020-0H9-009053,1,,,,
2020-0H9-009213,1,,,,
2020-0H9-009449,1,,,,
2020-0H9-009451,1,,,,
2020-0H9-009486,1,,,,
2020-0H9-009573,1,,,,
2020-0H9-009986,1,,,,
2020-0H9-010072,1,,,,
2020-0H9-010229,1,,,,
2020-0H9-010406,1,,,,
2020-0H9-010407,1,,,,
2020-0HH-000552,1,,,,
2020-0HH-001125,1,,,,
2020-0SB-000002,1,,,,
2020-0SB-000003,1,,,,
2020-0SB-000010,1,,,,
2020-TK9-000387,1,,,,
2020-TK9-000614,1,,,,
2020-TK9-001037,1,,,,
2020-TK9-001044,1,,,,
2020-TK9-002384,1,,,,
2020-TK9-002755,1,,,,
2020-TK9-002992,1,,,,
2020-TK9-003516,1,,,,
2020-TK9-003587,1,,,,
2020-TK9-003596,1,,,,
2021-0A3-002579,1,,,,
2021-0A5-001315,1,,,,
2021-0A5-003130,1,,,,
2021-0B2-000202,1,,,,
2021-0B4-001988,1,,,,
2021-0B6-001577,1,,,,
2021-0D1-000416,1,,,,
2021-0D4-001080,1,,,,
2021-0D4-001542,1,,,,
2021-0F1-000339,1,,,,
2021-0F1-002419,1,,,,
2021-0F1-003097,1,,,,
2021-0F1-003207,1,,,,
2021-0F1-003761,1,,,,
2021-0F1-004223,1,,,,
2021-0F1-004556,1,,,,
2021-0F1-004637,1,,,,
2021-0F1-004732,1,,,,
2021-0F1-004817,1,,,,
2021-0F1-004822,1,,,,
2021-0F1-005516,1,,,,
2021-0F1-005528,1,,,,
2021-0F1-006240,1,,,,
2021-0F1-006246,1,,,,
2021-0F1-006339,1,,,,
2021-0F1-006713,1,,,,
2021-0F1-007017,1,,,,
2021-0F1-007036,1,,,,
2021-0F1-007087,1,,,,
2021-0F1-007140,1,,,,
2021-0F1-007149,1,,,,
2021-0F1-007222,1,,,,
2021-0F1-007656,1,,,,
2021-0F1-007732,1,,,,
2021-0F1-008709,1,,,,
2021-0F1-009224,1,,,,
2021-0F1-009329,1,,,,
2021-0F1-009405,1,,,,
2021-0F1-009406,1,,,,
2021-0F1-009431,1,,,,
2021-0F1-009971,1,,,,
2021-0F1-010036,1,,,,
2021-0F1-010148,1,,,,
2021-0F1-010288,1,,,,
2021-0F1-010589,1,,,,
2021-0F1-010737,1,,,,
2021-0F1-010838,1,,,,
2021-0F1-011057,1,,,,
2021-0F1-011145,1,,,,
2021-0F1-011180,1,,,,
2021-0F1-011245,1,,,,
2021-0F1-012292,1,,,,
2021-0F1-012338,1,,,,
2021-0F1-012589,1,,,,
2021-0F1-012652,1,,,,
2021-0F1-013475,1,,,,
2021-0F1-014465,1,,,,
2021-0F1-014871,1,,,,
2021-0F1-015752,1,,,,
2021-0F1-015839,1,,,,
2021-0F1-016050,1,,,,
2021-0F1-016821,1,,,,
2021-0F1-016925,1,,,,
2021-0F1-016933,1,,,,
2021-0F1-017312,1,,,,
2021-0F1-017414,1,,,,
2021-0F1-018206,1,,,,
2021-0F1-019193,1,,,,
2021-0F1-019225,1,,,,
2021-0F1-019491,1,,,,
2021-0H1-000054,1,,,,
2021-0H4-000069,1,,,,
2021-0H4-000323,1,,,,
2021-0H4-000331,1,,,,
2021-0H4-000412,1,,,,
2021-0H4-000533,1,,,,
2021-0H4-000561,1,,,,
2021-0H4-000563,1,,,,
2021-0H4-000630,1,,,,
2021-0H4-000908,1,,,,
2021-0H4-001222,1,,,,
2021-0H4-001241,1,,,,
2021-0H4-001603,1,,,,
2021-0H4-001825,1,,,,
2021-0H4-002726,1,,,,
2021-0H4-002883,1,,,,
2021-0H4-002895,1,,,,
2021-0H4-002921,1,,,,
2021-0H4-003093,1,,,,
2021-0H4-003216,1,,,,
2021-0H4-003312,1,,,,
2021-0H4-003424,1,,,,
2021-0H4-003435,1,,,,
2021-0H4-003633,1,,,,
2021-0H4-003779,1,,,,
2021-0H4-003790,1,,,,
2021-0H4-003808,1,,,,
2021-0H4-003824,1,,,,
2021-0H4-003827,1,,,,
2021-0H4-003828,1,,,,
2021-0H4-003848,1,,,,
2021-0H4-003903,1,,,,
2021-0H4-004013,1,,,,
2021-0H4-004023,1,,,,
2021-0H4-004182,1,,,,
2021-0H4-004190,1,,,,
2021-0H4-004214,1,,,,
2021-0H4-004236,1,,,,
2021-0H4-004290,1,,,,
2021-0H4-004364,1,,,,
2021-0H4-004378,1,,,,
2021-0H4-004398,1,,,,
2021-0H4-004445,1,,,,
2021-0H4-004473,1,,,,
2021-0H4-004500,1,,,,
2021-0H4-004515,1,,,,
2021-0H4-004594,1,,,,
2021-0H4-004605,1,,,,
2021-0H4-004671,1,,,,
2021-0H4-004794,1,,,,
2021-0H4-004824,1,,,,
2021-0H4-004839,1,,,,
2021-0H4-004842,1,,,,
2021-0H4-004948,1,,,,
2021-0H4-005362,1,,,,
2021-0H6-002020,1,,,,
2021-0H6-002088,1,,,,
2021-0H6-002089,1,,,,
2021-0H6-002186,1,,,,
2021-0H6-002187,1,,,,
2021-0H6-002489,1,,,,
2021-0H6-003146,1,,,,
2021-0H7-002868,1,,,,
2021-0H8-002034,1,,,,
2021-0H9-000729,1,,,,
2021-0H9-002008,1,,,,
2021-0H9-002412,1,,,,
2021-0H9-003206,1,,,,
2021-TK9-000270,1,,,,
2021-TK9-000476,1,,,,
2021-TK9-000574,1,,,,
2021-TK9-000624,1,,,,
2021-TK9-001162,1,,,,
(blank),,,,,